customer_id,age,tenure_months,balance,num_products,is_active,churn
CUST_00001,47,69,164860.03,1,0,0
CUST_00002,79,39,0.0,2,1,1
CUST_00003,29,32,68669.48,2,0,0
CUST_00004,59,15,82618.58,1,1,1
CUST_00005,58,9,172938.0,1,0,0
CUST_00006,53,23,0.0,4,1,0
CUST_00007,54,52,197282.35,2,1,0
CUST_00008,57,41,142087.27,2,0,0
CUST_00009,20,20,0.0,2,1,0
CUST_00010,32,69,235080.18,1,1,0
CUST_00011,68,63,225465.13,2,1,0
CUST_00012,63,52,68831.96,1,1,0
CUST_00013,23,52,72031.47,1,0,1
CUST_00014,34,21,195504.3,2,0,0
CUST_00015,24,2,191826.48,1,1,1
CUST_00016,36,66,70128.2,3,0,1
CUST_00017,74,50,23615.98,2,0,0
CUST_00018,62,48,176848.81,1,1,0
CUST_00019,78,42,123349.29,2,0,1
CUST_00020,21,60,0.0,2,0,1
CUST_00021,66,51,0.0,2,0,1
CUST_00022,45,34,0.0,1,1,1
CUST_00023,42,57,20990.4,1,1,0
CUST_00024,53,9,137180.31,1,0,1
CUST_00025,18,61,0.0,2,0,1
CUST_00026,46,31,2219.48,2,0,0
CUST_00027,33,67,74755.41,1,0,0
CUST_00028,32,32,0.0,3,0,1
CUST_00029,47,35,164960.28,2,1,0
CUST_00030,57,28,0.0,1,1,0
CUST_00031,70,34,91395.81,1,1,0
CUST_00032,38,17,157244.68,1,1,0
CUST_00033,23,61,0.0,2,0,0
CUST_00034,49,35,0.0,2,0,1
CUST_00035,35,40,113204.17,1,0,0
CUST_00036,59,63,178344.88,3,1,0
CUST_00037,28,26,107029.53,1,0,1
CUST_00038,42,55,65726.73,2,1,0
CUST_00039,21,61,210622.43,4,0,0
CUST_00040,28,53,142061.85,2,1,0
CUST_00041,40,62,139960.48,2,0,1
CUST_00042,39,25,0.0,1,1,0
CUST_00043,62,47,230727.63,2,1,1
CUST_00044,19,33,0.0,3,1,0
CUST_00045,24,27,201335.28,2,1,0
CUST_00046,44,69,94623.51,2,1,0
CUST_00047,23,35,143759.58,2,1,0
CUST_00048,59,71,190041.68,2,0,0
CUST_00049,65,27,114330.16,1,1,1
CUST_00050,23,29,55171.31,2,0,0
CUST_00051,74,55,99874.33,1,0,1
CUST_00052,57,55,3500.6,2,1,1
CUST_00053,78,22,0.0,2,1,1
CUST_00054,51,10,0.0,1,1,0
CUST_00055,50,15,158564.85,1,0,1
CUST_00056,18,12,0.0,1,1,0
CUST_00057,52,48,0.0,1,1,0
CUST_00058,45,14,154651.74,1,1,0
CUST_00059,46,23,109910.32,4,0,0
CUST_00060,47,54,0.0,1,0,1
CUST_00061,27,26,57485.74,2,1,0
CUST_00062,25,3,52944.72,1,1,0
CUST_00063,30,47,239173.56,2,1,0
CUST_00064,49,1,96610.02,1,1,0
CUST_00065,63,17,19978.23,1,1,1
CUST_00066,48,7,53710.95,1,0,0
CUST_00067,25,2,0.0,1,0,1
CUST_00068,76,37,0.0,1,1,1
CUST_00069,78,15,0.0,1,0,1
CUST_00070,28,10,111858.42,1,1,0
CUST_00071,25,47,132570.01,2,0,0
CUST_00072,77,23,178068.6,1,0,1
CUST_00073,63,8,94937.69,1,0,0
CUST_00074,77,32,168252.31,3,1,0
CUST_00075,26,53,71123.67,3,0,0
CUST_00076,66,55,196640.41,1,1,0
CUST_00077,39,61,230265.86,1,1,0
CUST_00078,75,41,0.0,1,1,0
CUST_00079,57,11,126033.44,2,1,0
CUST_00080,74,8,86579.3,1,0,1
CUST_00081,45,35,0.0,1,0,1
CUST_00082,69,26,0.0,1,0,1
CUST_00083,70,69,0.0,2,1,0
CUST_00084,34,40,92255.33,2,0,0
CUST_00085,28,65,4708.42,1,1,1
CUST_00086,50,67,0.0,2,0,0
CUST_00087,47,67,128752.17,1,1,0
CUST_00088,29,65,38551.12,1,1,0
CUST_00089,73,22,127990.87,3,0,0
CUST_00090,77,32,194135.01,1,0,0
CUST_00091,72,69,205452.32,3,0,0
CUST_00092,31,64,0.0,2,1,1
CUST_00093,75,54,83503.72,2,0,1
CUST_00094,31,31,33169.03,1,1,0
CUST_00095,62,17,125889.51,2,1,0
CUST_00096,35,57,78375.81,2,1,0
CUST_00097,24,29,0.0,1,1,0
CUST_00098,43,59,148721.89,1,1,0
CUST_00099,19,59,46538.55,3,1,0
CUST_00100,56,42,15043.2,1,0,0
CUST_00101,28,40,67761.41,2,0,1
CUST_00102,60,14,0.0,2,0,0
CUST_00103,50,47,0.0,1,0,0
CUST_00104,63,21,205414.53,1,1,1
CUST_00105,56,51,74536.45,1,0,1
CUST_00106,80,53,0.0,2,1,0
CUST_00107,33,51,91453.13,1,0,1
CUST_00108,53,11,204145.83,1,0,1
CUST_00109,57,35,0.0,1,1,0
CUST_00110,56,21,13541.19,1,0,0
CUST_00111,20,39,116182.46,2,1,0
CUST_00112,63,30,118394.49,2,1,0
CUST_00113,75,35,68509.06,1,0,0
CUST_00114,63,36,95839.35,1,1,1
CUST_00115,41,53,191291.79,1,1,0
CUST_00116,47,38,43087.44,1,0,0
CUST_00117,62,62,128655.2,1,1,0
CUST_00118,56,39,1385.35,2,1,1
CUST_00119,34,61,77966.52,1,1,0
CUST_00120,52,29,0.0,1,1,0
CUST_00121,79,53,54039.1,2,0,1
CUST_00122,80,43,79718.45,1,1,0
CUST_00123,30,4,232087.53,1,1,0
CUST_00124,53,62,144223.1,2,1,0
CUST_00125,36,37,216196.55,2,1,0
CUST_00126,41,10,0.0,2,0,1
CUST_00127,59,54,82312.92,2,1,0
CUST_00128,38,61,0.0,1,1,0
CUST_00129,41,16,132366.67,1,0,0
CUST_00130,72,42,0.0,1,1,1
CUST_00131,29,58,0.0,4,0,0
CUST_00132,80,30,177794.2,1,0,0
CUST_00133,58,47,29970.06,2,1,0
CUST_00134,61,3,0.0,2,0,1
CUST_00135,58,33,159678.26,1,0,1
CUST_00136,32,37,0.0,1,1,0
CUST_00137,68,27,57396.32,1,0,1
CUST_00138,21,56,64676.38,1,1,0
CUST_00139,45,33,236225.98,3,1,0
CUST_00140,53,29,244782.5,3,1,0
CUST_00141,60,42,43265.55,3,1,0
CUST_00142,31,58,0.0,1,0,0
CUST_00143,72,23,0.0,2,1,0
CUST_00144,61,46,189033.34,1,1,0
CUST_00145,23,15,0.0,1,1,0
CUST_00146,77,63,60305.06,1,0,1
CUST_00147,27,20,0.0,2,1,1
CUST_00148,80,5,0.0,1,1,0
CUST_00149,29,2,0.0,1,1,0
CUST_00150,68,48,227814.8,2,1,0
CUST_00151,59,12,37939.38,3,0,0
CUST_00152,33,63,105319.52,2,1,0
CUST_00153,52,53,70631.79,3,1,0
CUST_00154,74,67,87625.52,2,1,1
CUST_00155,19,11,0.0,2,0,1
CUST_00156,77,47,0.0,2,1,1
CUST_00157,19,56,53321.2,1,0,0
CUST_00158,73,37,0.0,2,0,0
CUST_00159,28,48,0.0,2,1,0
CUST_00160,35,43,69941.93,2,1,0
CUST_00161,57,46,0.0,1,0,0
CUST_00162,62,38,69618.98,1,0,1
CUST_00163,63,22,0.0,1,0,1
CUST_00164,18,16,25806.46,2,1,0
CUST_00165,33,11,197414.0,1,1,0
CUST_00166,41,64,0.0,1,0,0
CUST_00167,38,29,187079.5,1,1,1
CUST_00168,40,11,167031.39,3,1,0
CUST_00169,76,18,189064.81,2,1,1
CUST_00170,59,5,32107.42,2,1,0
CUST_00171,30,6,185318.94,2,0,1
CUST_00172,32,42,227545.16,2,1,0
CUST_00173,79,53,0.0,1,0,1
CUST_00174,55,57,129224.37,2,1,0
CUST_00175,25,37,37292.44,1,1,0
CUST_00176,59,3,117101.11,1,1,0
CUST_00177,71,33,200384.98,2,1,1
CUST_00178,28,52,0.0,1,0,1
CUST_00179,73,30,14422.82,1,0,0
CUST_00180,69,1,0.0,2,1,1
CUST_00181,36,63,0.0,2,1,0
CUST_00182,56,19,22807.1,1,1,0
CUST_00183,68,61,188786.29,2,0,1
CUST_00184,41,3,0.0,2,1,1
CUST_00185,58,53,77924.3,1,0,0
CUST_00186,56,55,24473.04,2,0,0
CUST_00187,78,8,73781.1,4,0,1
CUST_00188,64,47,0.0,1,0,1
CUST_00189,27,30,156820.62,3,0,0
CUST_00190,55,1,158128.83,1,1,0
CUST_00191,34,62,31785.71,3,1,0
CUST_00192,41,49,0.0,2,1,1
CUST_00193,55,42,0.0,1,1,1
CUST_00194,36,35,0.0,2,1,0
CUST_00195,23,9,115853.36,1,1,0
CUST_00196,67,42,234316.74,4,1,0
CUST_00197,35,43,0.0,2,1,0
CUST_00198,66,69,163931.29,1,1,0
CUST_00199,77,29,169965.45,2,1,0
CUST_00200,74,65,137629.07,2,1,1
CUST_00201,33,48,78509.86,1,1,0
CUST_00202,47,50,54081.68,1,1,0
CUST_00203,21,35,237877.44,3,0,1
CUST_00204,33,59,70344.49,1,1,0
CUST_00205,26,69,0.0,2,0,1
CUST_00206,61,34,155533.43,1,1,0
CUST_00207,30,70,185137.85,2,1,0
CUST_00208,73,42,149900.5,2,1,0
CUST_00209,58,17,0.0,2,1,0
CUST_00210,31,8,220695.71,1,1,0
CUST_00211,68,58,194709.03,1,0,1
CUST_00212,24,65,226860.66,2,1,0
CUST_00213,18,54,0.0,1,1,1
CUST_00214,62,71,0.0,1,1,1
CUST_00215,60,31,212245.14,1,1,0
CUST_00216,58,66,137533.66,2,1,0
CUST_00217,55,63,32462.66,1,1,0
CUST_00218,20,31,37241.78,2,1,1
CUST_00219,33,65,0.0,2,1,1
CUST_00220,79,38,0.0,2,0,1
CUST_00221,60,44,0.0,1,1,1
CUST_00222,29,4,159986.93,2,1,0
CUST_00223,41,70,174787.7,1,1,0
CUST_00224,34,17,0.0,1,0,1
CUST_00225,38,7,129572.41,1,1,0
CUST_00226,44,72,212087.5,2,1,0
CUST_00227,62,51,0.0,1,1,0
CUST_00228,79,29,15859.91,2,0,1
CUST_00229,63,29,0.0,2,0,1
CUST_00230,75,6,0.0,2,0,0
CUST_00231,21,51,107182.7,1,0,1
CUST_00232,59,38,0.0,2,1,1
CUST_00233,30,67,102937.75,2,1,0
CUST_00234,37,71,94323.02,1,0,0
CUST_00235,23,1,0.0,2,1,0
CUST_00236,28,21,170271.47,1,1,0
CUST_00237,41,15,0.0,1,0,0
CUST_00238,57,37,172173.44,2,1,0
CUST_00239,29,23,239201.52,2,1,0
CUST_00240,24,31,0.0,1,1,0
CUST_00241,77,35,237166.17,2,1,1
CUST_00242,20,47,115933.67,2,1,0
CUST_00243,68,23,215530.0,2,0,0
CUST_00244,49,38,0.0,3,1,0
CUST_00245,35,23,65794.9,1,0,0
CUST_00246,41,50,133092.12,1,1,0
CUST_00247,25,9,0.0,2,0,1
CUST_00248,35,51,209930.3,1,0,0
CUST_00249,57,17,235376.39,2,0,1
CUST_00250,25,67,52530.45,2,0,1
CUST_00251,22,35,12199.59,2,0,1
CUST_00252,43,59,100540.43,2,0,0
CUST_00253,36,46,0.0,2,1,0
CUST_00254,74,58,2356.14,3,0,1
CUST_00255,74,46,0.0,3,0,1
CUST_00256,34,66,246744.79,1,0,0
CUST_00257,56,6,110149.53,1,1,0
CUST_00258,74,10,141228.25,2,1,0
CUST_00259,24,4,89570.25,2,1,0
CUST_00260,36,38,142474.25,1,1,0
CUST_00261,27,13,105354.57,1,1,1
CUST_00262,43,66,57480.91,1,0,1
CUST_00263,28,26,179516.83,2,0,0
CUST_00264,46,59,34954.95,1,0,0
CUST_00265,53,15,0.0,1,1,1
CUST_00266,47,58,143391.64,2,1,0
CUST_00267,48,10,149394.12,2,0,0
CUST_00268,71,35,0.0,2,0,1
CUST_00269,30,15,57825.52,2,1,0
CUST_00270,38,65,0.0,2,1,0
CUST_00271,62,68,0.0,1,1,0
CUST_00272,73,61,89910.36,2,0,1
CUST_00273,69,16,0.0,1,1,0
CUST_00274,56,26,0.0,2,0,0
CUST_00275,37,48,129732.97,2,0,0
CUST_00276,38,69,233552.72,3,0,0
CUST_00277,52,30,144455.7,2,1,0
CUST_00278,31,29,64171.76,1,1,0
CUST_00279,44,13,0.0,2,0,1
CUST_00280,21,58,0.0,2,0,0
CUST_00281,74,60,0.0,2,0,1
CUST_00282,52,51,0.0,2,1,0
CUST_00283,20,24,21387.79,1,1,0
CUST_00284,30,50,0.0,1,1,0
CUST_00285,25,13,34747.66,2,1,0
CUST_00286,76,14,0.0,2,1,0
CUST_00287,69,23,42002.65,3,0,1
CUST_00288,53,56,139875.65,1,1,0
CUST_00289,44,56,165485.26,2,1,1
CUST_00290,42,51,114096.05,1,1,0
CUST_00291,54,36,244134.32,2,1,0
CUST_00292,77,22,14816.79,1,1,1
CUST_00293,26,69,0.0,1,1,1
CUST_00294,61,54,137689.86,2,0,1
CUST_00295,30,27,248837.37,1,1,0
CUST_00296,40,33,239590.09,1,1,1
CUST_00297,24,39,63548.24,1,1,0
CUST_00298,65,23,81630.83,2,1,1
CUST_00299,22,8,3772.65,1,0,0
CUST_00300,71,51,50400.89,2,1,0
CUST_00301,39,37,220209.55,2,1,0
CUST_00302,45,49,0.0,1,0,1
CUST_00303,54,40,217824.92,1,0,1
CUST_00304,25,67,0.0,2,1,0
CUST_00305,53,18,0.0,2,0,0
CUST_00306,79,41,204442.7,1,1,0
CUST_00307,77,14,52716.82,3,0,0
CUST_00308,31,60,0.0,1,1,1
CUST_00309,75,46,85814.04,2,1,1
CUST_00310,56,27,165029.74,2,1,0
CUST_00311,20,71,137842.86,1,1,0
CUST_00312,52,54,66665.7,1,1,0
CUST_00313,18,72,31057.19,2,1,1
CUST_00314,44,38,0.0,2,1,0
CUST_00315,19,17,100104.27,1,0,0
CUST_00316,35,7,0.0,1,1,0
CUST_00317,50,48,131318.06,3,1,0
CUST_00318,42,45,0.0,1,1,0
CUST_00319,79,69,13559.72,4,1,0
CUST_00320,35,48,150316.56,2,1,0
CUST_00321,39,12,98584.1,1,1,0
CUST_00322,29,34,142611.12,1,1,0
CUST_00323,39,20,112141.27,3,0,1
CUST_00324,32,16,52120.26,1,0,0
CUST_00325,76,27,0.0,2,1,1
CUST_00326,47,44,130745.3,3,1,0
CUST_00327,55,50,169352.84,2,1,0
CUST_00328,80,33,0.0,2,1,0
CUST_00329,31,12,0.0,2,1,0
CUST_00330,33,1,0.0,1,1,0
CUST_00331,73,15,157168.93,1,1,0
CUST_00332,29,60,26318.96,3,0,0
CUST_00333,39,10,68687.07,2,1,0
CUST_00334,44,50,0.0,2,0,1
CUST_00335,66,40,85900.73,2,0,1
CUST_00336,33,3,162714.13,1,0,1
CUST_00337,62,43,176338.64,1,0,1
CUST_00338,78,8,201614.14,1,0,0
CUST_00339,53,35,112762.77,2,0,1
CUST_00340,56,15,211456.26,2,1,0
CUST_00341,37,59,0.0,4,1,0
CUST_00342,41,66,0.0,1,1,0
CUST_00343,42,25,0.0,1,1,0
CUST_00344,63,11,187093.19,2,1,1
CUST_00345,25,55,0.0,1,1,0
CUST_00346,78,56,246436.15,1,0,1
CUST_00347,66,27,38269.69,2,1,0
CUST_00348,21,22,125159.95,1,1,0
CUST_00349,29,8,20364.44,2,1,0
CUST_00350,60,72,0.0,2,1,0
CUST_00351,51,63,24820.22,2,1,0
CUST_00352,27,19,209324.83,2,1,0
CUST_00353,61,53,247134.89,1,0,1
CUST_00354,29,52,192554.74,2,0,0
CUST_00355,66,47,97663.68,1,0,1
CUST_00356,71,63,181902.33,1,0,1
CUST_00357,60,45,206680.22,4,1,0
CUST_00358,68,59,12951.7,3,0,1
CUST_00359,29,66,97303.09,3,0,0
CUST_00360,28,10,221549.08,1,1,0
CUST_00361,40,51,0.0,1,1,0
CUST_00362,65,8,0.0,2,0,1
CUST_00363,56,58,0.0,1,1,0
CUST_00364,30,2,235648.57,3,0,0
CUST_00365,74,60,206615.4,1,1,1
CUST_00366,23,27,169907.77,2,1,0
CUST_00367,75,16,0.0,1,1,0
CUST_00368,57,36,203617.61,1,0,1
CUST_00369,60,35,151974.81,2,1,0
CUST_00370,33,71,203955.71,2,1,0
CUST_00371,75,31,160655.61,2,0,0
CUST_00372,21,45,189473.91,2,0,0
CUST_00373,27,17,32839.09,2,1,0
CUST_00374,28,57,70840.87,3,1,0
CUST_00375,26,14,3383.35,1,1,0
CUST_00376,67,37,4850.26,2,0,0
CUST_00377,31,42,153926.47,1,1,0
CUST_00378,74,26,0.0,1,1,1
CUST_00379,21,22,242186.92,2,1,0
CUST_00380,66,54,0.0,2,0,0
CUST_00381,55,37,118167.38,1,1,0
CUST_00382,76,9,75551.55,2,1,0
CUST_00383,24,27,191652.26,2,1,0
CUST_00384,20,37,0.0,2,1,0
CUST_00385,22,47,107088.1,2,0,0
CUST_00386,30,57,28463.39,1,1,0
CUST_00387,65,8,0.0,2,0,1
CUST_00388,71,66,53362.05,2,1,1
CUST_00389,78,2,0.0,3,1,0
CUST_00390,36,69,194128.5,1,0,0
CUST_00391,37,46,184954.95,1,1,0
CUST_00392,51,41,0.0,1,0,0
CUST_00393,78,3,118355.55,1,1,0
CUST_00394,39,44,1537.35,4,0,0
CUST_00395,41,47,22846.11,2,1,0
CUST_00396,46,23,0.0,1,0,1
CUST_00397,76,47,0.0,2,1,0
CUST_00398,21,5,120719.88,2,1,0
CUST_00399,71,54,47981.18,1,1,0
CUST_00400,65,38,0.0,1,1,0
CUST_00401,77,60,34696.91,1,1,0
CUST_00402,18,43,39610.01,1,1,0
CUST_00403,20,8,0.0,1,1,0
CUST_00404,45,36,0.0,1,1,1
CUST_00405,48,13,0.0,2,0,1
CUST_00406,33,2,0.0,2,1,0
CUST_00407,73,40,0.0,2,0,1
CUST_00408,59,14,69309.44,1,1,0
CUST_00409,41,15,183997.39,1,1,0
CUST_00410,20,59,0.0,2,1,0
CUST_00411,34,65,30088.57,1,0,1
CUST_00412,36,51,191676.84,1,0,0
CUST_00413,62,46,88021.48,1,0,1
CUST_00414,29,30,0.0,1,1,0
CUST_00415,27,34,24383.13,2,0,0
CUST_00416,74,71,111023.75,2,0,0
CUST_00417,70,41,0.0,1,1,0
CUST_00418,40,18,70948.47,2,1,0
CUST_00419,70,40,219663.46,2,0,0
CUST_00420,21,40,169621.22,1,1,0
CUST_00421,18,26,7447.94,2,0,1
CUST_00422,48,7,0.0,2,0,1
CUST_00423,21,72,0.0,1,1,0
CUST_00424,62,46,0.0,1,1,1
CUST_00425,46,68,206928.15,1,0,0
CUST_00426,27,2,202660.22,1,1,1
CUST_00427,30,35,0.0,3,0,0
CUST_00428,40,9,202788.57,1,1,0
CUST_00429,75,66,121878.18,1,0,0
CUST_00430,57,4,114386.52,2,1,1
CUST_00431,50,38,6064.85,2,0,1
CUST_00432,35,3,192612.71,1,1,0
CUST_00433,72,53,2617.22,1,0,0
CUST_00434,26,62,69287.98,1,1,0
CUST_00435,46,30,0.0,1,1,1
CUST_00436,79,25,78021.43,1,0,1
CUST_00437,69,60,0.0,1,0,1
CUST_00438,35,60,115269.37,1,0,0
CUST_00439,28,6,11955.37,2,1,0
CUST_00440,36,41,166638.66,2,1,0
CUST_00441,72,47,6893.01,2,0,0
CUST_00442,39,51,24783.72,1,1,0
CUST_00443,59,40,0.0,1,1,0
CUST_00444,55,36,116837.59,2,0,1
CUST_00445,74,17,168410.58,1,0,0
CUST_00446,77,54,159947.37,1,1,1
CUST_00447,19,29,0.0,2,1,0
CUST_00448,28,63,234238.89,1,0,0
CUST_00449,27,3,244196.88,2,0,1
CUST_00450,76,17,42453.57,1,0,1
CUST_00451,27,27,192117.36,2,1,0
CUST_00452,38,1,0.0,1,0,1
CUST_00453,79,16,78026.01,1,1,0
CUST_00454,69,4,0.0,2,1,0
CUST_00455,37,54,90493.06,3,0,0
CUST_00456,18,18,0.0,2,1,1
CUST_00457,63,8,206147.34,3,1,0
CUST_00458,24,15,109634.66,1,0,1
CUST_00459,18,55,153010.26,1,1,0
CUST_00460,71,40,0.0,1,1,0
CUST_00461,29,28,23835.75,1,1,0
CUST_00462,76,2,108253.29,1,0,0
CUST_00463,36,44,116299.95,2,0,0
CUST_00464,61,45,113709.98,1,1,1
CUST_00465,44,42,0.0,1,1,0
CUST_00466,75,17,201481.1,2,1,1
CUST_00467,72,5,191203.91,2,1,0
CUST_00468,57,66,9178.93,2,1,0
CUST_00469,73,5,245477.03,1,0,1
CUST_00470,68,3,173168.38,1,1,1
CUST_00471,64,6,209314.39,1,0,0
CUST_00472,79,55,0.0,2,0,1
CUST_00473,22,31,174563.8,2,1,0
CUST_00474,40,61,207052.13,2,1,0
CUST_00475,70,32,0.0,1,1,1
CUST_00476,31,50,87989.98,1,1,0
CUST_00477,48,35,0.0,1,0,0
CUST_00478,57,23,0.0,2,1,0
CUST_00479,23,36,144560.9,1,1,0
CUST_00480,52,69,219776.12,3,0,0
CUST_00481,52,52,0.0,1,1,0
CUST_00482,19,6,150778.1,2,1,0
CUST_00483,39,17,137571.71,1,0,1
CUST_00484,28,41,131119.06,2,1,1
CUST_00485,63,14,31536.91,1,0,1
CUST_00486,73,30,0.0,2,1,1
CUST_00487,41,23,108578.3,2,0,0
CUST_00488,24,16,0.0,2,1,0
CUST_00489,37,55,68235.06,1,1,0
CUST_00490,56,45,0.0,1,0,1
CUST_00491,31,37,0.0,1,0,1
CUST_00492,76,40,189884.02,1,1,1
CUST_00493,39,31,0.0,1,0,0
CUST_00494,33,50,0.0,2,0,1
CUST_00495,23,16,217558.68,1,0,0
CUST_00496,18,43,164228.59,1,0,0
CUST_00497,72,41,4829.14,3,1,0
CUST_00498,72,39,34674.21,1,0,1
CUST_00499,61,69,22622.37,2,0,0
CUST_00500,30,14,116544.14,2,0,0
CUST_00501,64,47,141413.24,3,0,0
CUST_00502,41,49,235617.01,2,0,0
CUST_00503,45,18,87365.9,2,0,1
CUST_00504,31,27,0.0,2,0,0
CUST_00505,58,71,150621.65,2,1,0
CUST_00506,32,2,0.0,2,1,0
CUST_00507,35,68,0.0,2,1,0
CUST_00508,68,23,200746.05,2,1,0
CUST_00509,74,57,112762.82,1,1,0
CUST_00510,54,69,0.0,2,0,0
CUST_00511,30,48,139525.45,1,0,0
CUST_00512,61,65,182923.14,1,1,0
CUST_00513,31,25,51325.83,1,0,0
CUST_00514,38,3,241347.81,2,1,0
CUST_00515,60,62,36300.89,2,0,1
CUST_00516,57,57,13450.39,2,1,0
CUST_00517,63,35,222302.16,1,1,1
CUST_00518,58,9,39105.92,2,1,1
CUST_00519,79,43,17168.78,2,1,0
CUST_00520,37,30,143271.55,2,1,1
CUST_00521,45,70,95463.01,2,0,1
CUST_00522,55,39,244722.41,1,0,0
CUST_00523,18,10,240750.75,3,1,0
CUST_00524,45,48,113107.6,2,1,0
CUST_00525,39,22,115918.32,1,0,0
CUST_00526,36,28,29118.22,3,0,0
CUST_00527,72,46,51737.83,1,0,1
CUST_00528,40,51,0.0,2,1,0
CUST_00529,80,53,227347.21,2,0,0
CUST_00530,32,2,25480.21,1,1,0
CUST_00531,47,17,173934.71,1,1,0
CUST_00532,67,60,145513.93,2,1,0
CUST_00533,46,62,0.0,1,1,0
CUST_00534,48,60,59471.81,1,1,0
CUST_00535,51,19,164751.22,1,1,0
CUST_00536,35,52,231564.53,1,1,0
CUST_00537,48,6,43362.88,1,0,1
CUST_00538,76,13,104666.91,1,0,0
CUST_00539,77,24,118089.24,1,1,0
CUST_00540,32,8,136044.46,2,0,1
CUST_00541,21,46,0.0,2,0,1
CUST_00542,37,6,119808.82,3,1,0
CUST_00543,40,24,96597.01,1,1,0
CUST_00544,54,22,126411.09,1,1,0
CUST_00545,52,24,242248.7,2,1,0
CUST_00546,43,42,224366.75,1,0,0
CUST_00547,36,25,167840.67,2,1,0
CUST_00548,18,36,211985.28,1,1,0
CUST_00549,75,39,141808.3,2,1,0
CUST_00550,57,2,148020.19,2,1,0
CUST_00551,35,31,174259.18,1,1,0
CUST_00552,61,47,13529.69,1,0,0
CUST_00553,77,6,0.0,1,1,0
CUST_00554,56,36,0.0,2,0,1
CUST_00555,61,35,206198.28,1,0,0
CUST_00556,54,22,188857.47,2,1,0
CUST_00557,18,63,0.0,2,1,0
CUST_00558,21,69,44521.93,1,1,0
CUST_00559,34,33,100451.48,2,1,0
CUST_00560,34,34,149751.84,2,1,0
CUST_00561,19,47,8876.56,2,1,0
CUST_00562,72,11,0.0,2,0,1
CUST_00563,18,27,25073.85,1,0,0
CUST_00564,58,24,46709.19,2,1,0
CUST_00565,60,41,84833.89,2,1,0
CUST_00566,26,48,159746.37,1,1,0
CUST_00567,19,33,0.0,1,1,1
CUST_00568,57,19,230216.44,3,0,0
CUST_00569,21,44,109128.16,1,0,1
CUST_00570,36,22,71244.43,2,1,0
CUST_00571,52,32,145503.76,2,1,0
CUST_00572,62,22,48931.17,1,1,1
CUST_00573,27,13,0.0,2,1,0
CUST_00574,55,12,45347.88,3,0,0
CUST_00575,60,55,122466.32,2,1,0
CUST_00576,65,20,46052.71,2,0,1
CUST_00577,31,30,216268.34,2,0,0
CUST_00578,72,71,172518.76,1,1,1
CUST_00579,43,29,226145.72,2,0,0
CUST_00580,79,33,195856.97,1,0,1
CUST_00581,42,67,0.0,2,0,1
CUST_00582,27,27,54357.42,1,0,1
CUST_00583,70,58,165325.24,1,0,0
CUST_00584,31,72,0.0,2,1,1
CUST_00585,51,35,0.0,1,1,0
CUST_00586,60,38,81177.37,2,1,0
CUST_00587,45,13,249465.23,2,1,0
CUST_00588,40,14,158112.46,1,1,0
CUST_00589,76,49,109535.21,1,1,0
CUST_00590,42,61,120622.81,1,1,0
CUST_00591,23,61,0.0,1,0,1
CUST_00592,28,43,65248.59,1,1,0
CUST_00593,37,31,11839.88,3,0,0
CUST_00594,35,59,226816.91,3,1,0
CUST_00595,28,61,128242.57,2,0,1
CUST_00596,26,72,196093.58,1,1,0
CUST_00597,76,56,210909.58,1,1,1
CUST_00598,60,36,166134.2,3,1,0
CUST_00599,43,2,165454.13,1,1,0
CUST_00600,44,57,37269.28,1,1,0
CUST_00601,64,3,189896.28,1,1,1
CUST_00602,37,59,2463.92,2,0,1
CUST_00603,34,48,245585.47,1,0,0
CUST_00604,34,10,83674.23,2,0,0
CUST_00605,53,52,150350.5,1,1,0
CUST_00606,75,61,244114.26,1,1,0
CUST_00607,75,34,219835.0,2,1,0
CUST_00608,80,65,6079.89,1,0,0
CUST_00609,37,36,136246.01,2,0,1
CUST_00610,25,10,217399.03,2,1,0
CUST_00611,27,40,242476.4,1,0,0
CUST_00612,40,41,0.0,1,1,1
CUST_00613,29,16,190552.48,1,1,0
CUST_00614,46,25,0.0,3,1,0
CUST_00615,52,4,0.0,1,1,0
CUST_00616,18,9,201511.33,1,1,0
CUST_00617,44,39,0.0,2,1,0
CUST_00618,45,27,187910.02,1,0,1
CUST_00619,63,59,159627.53,2,1,0
CUST_00620,28,32,159505.76,1,0,1
CUST_00621,47,15,246028.97,1,1,0
CUST_00622,25,67,220759.03,2,1,0
CUST_00623,30,40,3889.49,1,0,1
CUST_00624,18,3,154689.02,4,0,0
CUST_00625,27,60,130326.16,2,0,0
CUST_00626,62,13,134132.39,2,1,0
CUST_00627,43,67,129178.44,2,1,0
CUST_00628,66,9,232825.86,2,1,0
CUST_00629,19,48,0.0,1,0,0
CUST_00630,77,15,203896.72,1,0,0
CUST_00631,29,15,248424.09,2,0,1
CUST_00632,30,65,0.0,1,1,0
CUST_00633,51,45,86994.49,1,1,0
CUST_00634,38,28,0.0,1,0,0
CUST_00635,26,39,78175.07,1,1,0
CUST_00636,80,4,115241.81,1,1,1
CUST_00637,78,27,15904.8,2,1,1
CUST_00638,25,46,207352.99,1,0,1
CUST_00639,43,20,40412.48,2,0,1
CUST_00640,37,34,0.0,2,0,1
CUST_00641,76,2,241674.28,1,1,0
CUST_00642,51,11,153227.25,1,0,1
CUST_00643,28,63,215903.87,1,1,1
CUST_00644,76,38,81722.06,2,0,1
CUST_00645,66,16,0.0,2,1,0
CUST_00646,45,10,0.0,1,1,1
CUST_00647,18,69,129396.7,1,1,0
CUST_00648,48,36,192363.64,1,1,0
CUST_00649,44,62,150405.94,1,0,1
CUST_00650,20,11,181695.46,1,1,1
CUST_00651,37,37,49896.98,1,1,0
CUST_00652,47,29,29755.76,4,0,0
CUST_00653,20,26,0.0,3,0,0
CUST_00654,69,9,161169.65,2,0,0
CUST_00655,32,5,216116.56,1,0,1
CUST_00656,36,51,73296.1,2,0,1
CUST_00657,29,21,194758.71,1,1,0
CUST_00658,64,3,95767.5,1,0,1
CUST_00659,65,68,114554.26,1,0,1
CUST_00660,24,35,0.0,3,1,0
CUST_00661,23,55,0.0,1,1,1
CUST_00662,26,8,156251.34,1,1,0
CUST_00663,80,20,0.0,1,0,1
CUST_00664,60,62,0.0,2,1,0
CUST_00665,18,52,97980.6,2,0,0
CUST_00666,67,72,164147.16,2,1,0
CUST_00667,21,72,64114.43,1,0,0
CUST_00668,74,66,0.0,1,0,1
CUST_00669,52,36,0.0,1,0,1
CUST_00670,69,70,178395.25,2,1,0
CUST_00671,19,2,240936.04,1,1,0
CUST_00672,72,9,105219.86,1,0,1
CUST_00673,23,4,211140.69,2,1,0
CUST_00674,50,18,143866.0,2,1,0
CUST_00675,57,3,24319.26,2,1,1
CUST_00676,33,19,218807.7,1,1,0
CUST_00677,39,57,0.0,2,1,1
CUST_00678,67,11,0.0,1,0,1
CUST_00679,78,50,175266.88,2,1,0
CUST_00680,55,41,0.0,1,0,0
CUST_00681,22,48,129459.98,1,0,1
CUST_00682,75,33,76371.28,2,1,0
CUST_00683,73,69,223557.59,1,1,0
CUST_00684,57,51,151718.94,3,0,0
CUST_00685,59,45,0.0,1,0,1
CUST_00686,19,18,0.0,1,1,0
CUST_00687,79,32,192182.28,3,0,0
CUST_00688,64,39,81625.07,2,1,0
CUST_00689,51,12,220218.43,1,0,0
CUST_00690,49,51,109480.19,2,1,0
CUST_00691,36,59,147227.65,1,0,1
CUST_00692,34,1,196561.94,2,1,0
CUST_00693,47,19,0.0,1,1,0
CUST_00694,19,16,36181.05,1,1,0
CUST_00695,44,27,176984.36,1,1,1
CUST_00696,79,5,248021.11,1,0,0
CUST_00697,54,59,229536.23,2,1,0
CUST_00698,20,60,120916.19,3,1,0
CUST_00699,50,59,230191.79,1,1,0
CUST_00700,19,2,0.0,1,0,1
CUST_00701,49,61,197966.48,1,0,1
CUST_00702,69,50,133577.83,2,0,1
CUST_00703,31,57,7100.57,1,1,0
CUST_00704,31,38,164677.2,2,0,0
CUST_00705,33,6,47323.04,1,0,1
CUST_00706,53,66,114084.13,1,1,0
CUST_00707,58,30,0.0,1,1,1
CUST_00708,38,38,186258.17,1,0,0
CUST_00709,49,26,0.0,1,1,1
CUST_00710,35,17,0.0,2,0,1
CUST_00711,25,52,132608.52,1,0,0
CUST_00712,68,39,174960.35,2,1,1
CUST_00713,77,68,0.0,3,1,0
CUST_00714,48,7,36672.51,1,0,1
CUST_00715,68,36,0.0,1,0,1
CUST_00716,44,24,0.0,2,0,1
CUST_00717,52,23,37083.12,1,1,1
CUST_00718,60,33,8596.71,2,1,0
CUST_00719,71,40,5237.25,1,1,1
CUST_00720,40,8,0.0,1,0,1
CUST_00721,47,59,0.0,1,1,0
CUST_00722,42,12,88974.04,1,0,0
CUST_00723,46,14,161340.83,2,0,0
CUST_00724,58,58,86941.97,1,1,0
CUST_00725,64,40,0.0,1,0,1
CUST_00726,32,21,153632.55,2,1,0
CUST_00727,34,10,235082.09,1,0,0
CUST_00728,32,11,184692.44,2,1,0
CUST_00729,64,18,105092.6,2,1,0
CUST_00730,26,53,46498.75,1,0,1
CUST_00731,25,19,17386.76,1,0,0
CUST_00732,27,43,96634.84,3,1,0
CUST_00733,49,30,18260.87,1,0,0
CUST_00734,67,15,0.0,2,0,1
CUST_00735,23,15,202082.38,2,0,1
CUST_00736,20,2,247659.01,1,0,0
CUST_00737,32,41,0.0,2,1,0
CUST_00738,49,48,103739.09,2,1,0
CUST_00739,28,61,63678.57,1,1,0
CUST_00740,27,30,71347.56,3,1,0
CUST_00741,45,58,149435.0,1,0,0
CUST_00742,61,64,48725.04,2,0,0
CUST_00743,21,25,6971.49,1,0,0
CUST_00744,28,47,212056.69,2,0,0
CUST_00745,76,36,205906.65,3,1,0
CUST_00746,50,23,233983.03,1,1,0
CUST_00747,19,10,54941.04,3,1,0
CUST_00748,25,57,217131.32,1,1,0
CUST_00749,71,20,0.0,1,1,1
CUST_00750,71,57,161283.15,2,0,1
CUST_00751,71,61,32407.25,2,1,0
CUST_00752,45,60,84541.19,2,1,0
CUST_00753,50,55,94028.62,1,1,0
CUST_00754,29,39,221986.42,2,0,0
CUST_00755,36,20,27400.33,1,0,0
CUST_00756,60,71,72233.01,1,0,1
CUST_00757,50,33,0.0,1,1,0
CUST_00758,77,24,0.0,1,0,1
CUST_00759,72,5,70200.51,2,0,1
CUST_00760,41,10,18900.61,2,1,0
CUST_00761,20,29,0.0,2,1,0
CUST_00762,26,66,182763.62,2,1,0
CUST_00763,55,26,232195.49,2,0,0
CUST_00764,69,17,191575.29,2,1,1
CUST_00765,72,26,174372.4,2,1,0
CUST_00766,31,41,0.0,2,0,0
CUST_00767,66,54,92738.2,2,1,0
CUST_00768,65,61,0.0,1,0,0
CUST_00769,33,4,0.0,2,0,0
CUST_00770,57,43,65355.74,2,1,1
CUST_00771,44,17,243219.37,2,0,0
CUST_00772,61,72,0.0,2,1,0
CUST_00773,48,63,144072.12,1,1,0
CUST_00774,42,29,0.0,2,1,1
CUST_00775,45,55,0.0,1,1,0
CUST_00776,78,46,0.0,2,0,0
CUST_00777,20,39,150918.44,2,1,0
CUST_00778,65,26,52599.44,3,1,0
CUST_00779,61,47,571.75,1,1,0
CUST_00780,54,43,0.0,2,1,1
CUST_00781,33,44,176180.54,3,1,0
CUST_00782,67,53,21425.39,2,0,0
CUST_00783,77,42,0.0,1,1,1
CUST_00784,31,3,119226.06,2,1,0
CUST_00785,73,4,153528.26,1,0,1
CUST_00786,62,1,0.0,1,1,1
CUST_00787,61,2,0.0,1,0,0
CUST_00788,74,52,0.0,1,0,1
CUST_00789,63,69,0.0,1,1,0
CUST_00790,66,61,0.0,2,0,0
CUST_00791,69,22,190730.42,1,0,1
CUST_00792,32,2,36537.12,1,1,0
CUST_00793,29,44,58884.24,3,1,0
CUST_00794,58,24,183354.55,2,0,1
CUST_00795,30,14,0.0,2,0,1
CUST_00796,53,55,201916.13,1,1,0
CUST_00797,35,37,159244.35,1,1,0
CUST_00798,35,17,179087.39,2,0,0
CUST_00799,38,60,225911.96,1,0,0
CUST_00800,40,48,0.0,2,0,0
CUST_00801,32,4,19415.87,1,1,0
CUST_00802,64,45,0.0,4,1,1
CUST_00803,41,22,203500.62,2,1,0
CUST_00804,46,16,72766.81,1,1,0
CUST_00805,56,58,22425.29,1,1,0
CUST_00806,35,27,0.0,1,1,0
CUST_00807,52,37,113181.57,1,1,0
CUST_00808,70,71,0.0,1,0,1
CUST_00809,80,17,28189.8,1,1,0
CUST_00810,69,46,0.0,1,0,1
CUST_00811,72,64,0.0,2,1,1
CUST_00812,49,12,58573.06,3,0,0
CUST_00813,63,63,15248.49,2,0,1
CUST_00814,70,47,249739.95,1,1,0
CUST_00815,28,53,187761.23,1,0,0
CUST_00816,74,64,0.0,2,1,0
CUST_00817,62,70,123032.32,1,1,1
CUST_00818,20,7,4893.47,2,1,0
CUST_00819,60,72,0.0,2,1,0
CUST_00820,78,34,75635.04,2,1,1
CUST_00821,20,71,0.0,2,0,1
CUST_00822,59,42,18562.06,2,1,0
CUST_00823,53,55,0.0,1,1,1
CUST_00824,77,46,0.0,2,1,0
CUST_00825,41,46,0.0,4,0,1
CUST_00826,62,23,197513.04,2,0,0
CUST_00827,40,7,178016.63,1,1,0
CUST_00828,51,19,0.0,2,1,0
CUST_00829,44,50,188846.94,2,0,0
CUST_00830,74,8,11934.23,1,0,1
CUST_00831,42,49,0.0,2,1,1
CUST_00832,31,45,36439.91,1,0,0
CUST_00833,28,61,0.0,1,0,1
CUST_00834,66,66,0.0,1,1,0
CUST_00835,76,23,163880.67,3,1,0
CUST_00836,54,63,81045.43,2,0,0
CUST_00837,59,1,21144.31,1,1,0
CUST_00838,63,26,0.0,4,0,1
CUST_00839,30,8,0.0,2,1,0
CUST_00840,40,1,114987.32,1,0,0
CUST_00841,70,9,199367.0,3,0,0
CUST_00842,73,36,247520.07,3,1,0
CUST_00843,41,13,221831.08,1,0,1
CUST_00844,27,34,71199.36,2,1,0
CUST_00845,72,62,81823.99,3,0,0
CUST_00846,30,57,157120.86,1,0,1
CUST_00847,32,23,0.0,1,0,0
CUST_00848,61,3,6967.78,2,0,0
CUST_00849,78,54,113498.46,2,1,1
CUST_00850,50,17,187659.01,1,1,0
CUST_00851,24,62,197422.93,2,1,0
CUST_00852,32,8,47214.97,2,0,0
CUST_00853,59,2,132406.48,2,1,0
CUST_00854,30,71,14236.57,2,1,0
CUST_00855,80,35,0.0,2,1,0
CUST_00856,62,12,61511.41,1,1,1
CUST_00857,22,9,199075.42,1,0,0
CUST_00858,43,53,198152.28,1,0,0
CUST_00859,38,64,49428.7,2,0,0
CUST_00860,58,32,0.0,1,1,0
CUST_00861,48,5,120004.17,2,0,1
CUST_00862,57,36,0.0,1,1,0
CUST_00863,39,41,0.0,1,1,0
CUST_00864,25,10,69286.48,2,0,1
CUST_00865,29,71,21920.48,2,1,0
CUST_00866,69,2,177811.27,2,1,0
CUST_00867,65,26,97425.26,2,0,1
CUST_00868,37,16,0.0,1,0,0
CUST_00869,29,45,181059.1,1,1,1
CUST_00870,24,50,43623.7,2,1,0
CUST_00871,51,17,0.0,1,1,1
CUST_00872,72,68,0.0,1,1,0
CUST_00873,67,59,6521.15,1,1,0
CUST_00874,28,5,0.0,1,1,1
CUST_00875,45,71,0.0,1,1,0
CUST_00876,48,68,223762.49,1,1,0
CUST_00877,79,64,24017.85,1,1,0
CUST_00878,41,26,75195.89,3,0,0
CUST_00879,49,5,119830.04,2,1,0
CUST_00880,80,5,138912.99,1,0,1
CUST_00881,45,18,129957.57,2,1,0
CUST_00882,62,61,0.0,1,0,0
CUST_00883,78,72,49541.83,1,1,0
CUST_00884,30,49,0.0,3,1,0
CUST_00885,54,5,17615.54,2,1,0
CUST_00886,38,41,241751.85,2,1,1
CUST_00887,74,45,0.0,2,1,0
CUST_00888,60,62,113427.05,2,1,0
CUST_00889,47,42,164786.1,1,0,1
CUST_00890,42,43,219735.42,1,1,0
CUST_00891,27,12,211947.46,2,0,1
CUST_00892,41,68,0.0,2,1,0
CUST_00893,39,36,136561.26,1,1,0
CUST_00894,19,18,49508.78,1,1,0
CUST_00895,20,31,140018.26,2,1,0
CUST_00896,53,46,105082.18,1,1,0
CUST_00897,44,36,236693.94,1,1,0
CUST_00898,35,2,124872.4,1,1,0
CUST_00899,35,17,18244.4,1,0,0
CUST_00900,63,12,161184.4,2,0,0
CUST_00901,50,11,230344.18,1,1,0
CUST_00902,18,56,151341.13,1,1,0
CUST_00903,49,48,245586.73,2,0,0
CUST_00904,58,67,153559.66,2,0,0
CUST_00905,20,47,186866.44,1,1,0
CUST_00906,73,60,0.0,3,1,0
CUST_00907,29,58,0.0,1,0,0
CUST_00908,66,18,0.0,2,1,1
CUST_00909,71,9,0.0,2,0,0
CUST_00910,45,5,0.0,3,1,0
CUST_00911,77,67,0.0,2,1,0
CUST_00912,52,1,191519.57,1,1,0
CUST_00913,67,38,88493.42,1,0,0
CUST_00914,32,53,74.06,1,0,0
CUST_00915,34,8,217381.26,2,0,0
CUST_00916,76,28,36267.44,1,0,1
CUST_00917,30,69,242972.42,3,1,0
CUST_00918,62,15,144334.91,1,0,0
CUST_00919,47,23,0.0,1,1,1
CUST_00920,75,2,133369.48,1,1,0
CUST_00921,71,43,48645.64,1,1,1
CUST_00922,80,35,114074.61,3,1,0
CUST_00923,57,11,0.0,2,0,1
CUST_00924,61,36,0.0,2,1,1
CUST_00925,49,32,0.0,1,1,0
CUST_00926,58,21,70314.36,3,1,0
CUST_00927,35,19,85801.66,2,0,1
CUST_00928,32,41,16652.37,2,1,0
CUST_00929,28,16,0.0,2,0,1
CUST_00930,58,1,68178.33,3,1,0
CUST_00931,54,29,216550.37,1,1,1
CUST_00932,77,1,0.0,1,0,0
CUST_00933,65,52,0.0,1,0,1
CUST_00934,71,40,149341.78,3,0,1
CUST_00935,18,59,0.0,1,1,0
CUST_00936,26,16,8602.36,2,1,0
CUST_00937,37,64,0.0,2,1,0
CUST_00938,78,13,187284.48,1,0,1
CUST_00939,30,20,0.0,1,0,0
CUST_00940,73,37,77931.55,1,0,0
CUST_00941,74,34,78837.1,1,0,1
CUST_00942,78,22,238300.0,2,1,0
CUST_00943,54,54,126602.65,1,0,1
CUST_00944,79,23,0.0,1,1,0
CUST_00945,56,65,32519.86,1,1,0
CUST_00946,35,52,208054.85,1,0,0
CUST_00947,61,33,124634.7,2,0,1
CUST_00948,39,49,26886.88,2,1,0
CUST_00949,54,24,110906.41,1,1,0
CUST_00950,56,62,80162.64,2,0,1
CUST_00951,55,32,0.0,1,1,0
CUST_00952,33,4,33927.41,1,1,0
CUST_00953,29,53,0.0,2,0,1
CUST_00954,70,24,0.0,3,0,0
CUST_00955,40,50,0.0,2,0,0
CUST_00956,64,44,0.0,1,1,1
CUST_00957,45,36,35157.04,1,1,0
CUST_00958,26,44,180149.49,1,1,0
CUST_00959,24,61,0.0,1,1,0
CUST_00960,65,72,150042.66,2,0,1
CUST_00961,22,15,15584.04,2,0,1
CUST_00962,27,39,97071.22,2,0,0
CUST_00963,28,19,167755.85,1,0,1
CUST_00964,34,28,0.0,3,1,0
CUST_00965,57,64,146444.88,1,0,0
CUST_00966,55,13,134293.78,1,1,0
CUST_00967,23,66,0.0,1,1,0
CUST_00968,64,15,62867.45,1,1,0
CUST_00969,39,22,65757.04,1,1,0
CUST_00970,36,5,96187.41,1,0,1
CUST_00971,25,39,0.0,1,1,0
CUST_00972,63,31,44522.35,2,1,0
CUST_00973,25,10,165245.74,1,0,1
CUST_00974,57,32,0.0,1,1,0
CUST_00975,63,47,10939.3,1,1,0
CUST_00976,27,61,8729.39,2,1,0
CUST_00977,39,23,213298.4,2,0,0
CUST_00978,40,27,49708.2,1,1,0
CUST_00979,79,34,72388.88,1,1,0
CUST_00980,49,11,240658.69,1,0,0
CUST_00981,71,66,101619.39,1,1,0
CUST_00982,53,52,167409.07,2,1,0
CUST_00983,66,31,0.0,2,1,1
CUST_00984,39,64,7092.96,1,0,0
CUST_00985,54,32,49835.28,3,1,0
CUST_00986,33,29,166010.72,1,1,0
CUST_00987,29,14,106620.34,2,1,0
CUST_00988,40,35,15979.25,1,0,0
CUST_00989,70,69,0.0,2,1,1
CUST_00990,48,42,213909.95,1,1,0
CUST_00991,59,37,91904.43,2,0,0
CUST_00992,41,37,208915.28,1,1,0
CUST_00993,31,39,238151.9,2,1,0
CUST_00994,72,67,139797.2,3,0,0
CUST_00995,56,32,217423.57,3,1,0
CUST_00996,22,27,0.0,2,0,0
CUST_00997,66,38,0.0,2,0,1
CUST_00998,58,31,2079.59,2,1,0
CUST_00999,59,61,51473.64,2,1,0
CUST_01000,61,43,41653.53,1,0,0
CUST_01001,19,41,160040.63,1,1,0
CUST_01002,35,53,200961.2,1,1,0
CUST_01003,72,11,0.0,1,0,1
CUST_01004,79,22,182091.7,1,1,0
CUST_01005,76,19,0.0,3,1,0
CUST_01006,37,33,0.0,2,1,0
CUST_01007,37,24,211116.34,1,1,0
CUST_01008,54,28,246888.78,1,0,0
CUST_01009,26,59,119651.29,1,0,1
CUST_01010,25,6,241103.96,1,0,1
CUST_01011,22,69,126310.85,1,0,0
CUST_01012,47,70,0.0,1,0,1
CUST_01013,29,59,0.0,2,1,0
CUST_01014,24,31,179400.03,3,1,0
CUST_01015,60,33,147206.73,1,0,0
CUST_01016,26,12,218287.68,1,1,0
CUST_01017,72,22,207770.23,4,0,1
CUST_01018,67,67,0.0,2,1,0
CUST_01019,69,4,56404.28,2,0,0
CUST_01020,68,6,114394.79,2,0,1
CUST_01021,55,56,170433.85,2,1,0
CUST_01022,45,28,219944.93,1,1,1
CUST_01023,35,42,0.0,1,0,1
CUST_01024,59,53,105038.12,1,1,1
CUST_01025,56,48,13505.71,3,0,0
CUST_01026,48,67,0.0,3,1,0
CUST_01027,58,1,217528.09,1,1,0
CUST_01028,76,31,99063.36,1,0,1
CUST_01029,52,55,211937.09,2,1,0
CUST_01030,70,15,100513.49,1,1,1
CUST_01031,80,4,0.0,2,0,1
CUST_01032,33,51,130026.29,2,1,0
CUST_01033,19,3,238830.0,1,1,0
CUST_01034,21,16,71686.42,2,0,0
CUST_01035,67,14,25407.36,2,0,0
CUST_01036,21,51,0.0,2,0,1
CUST_01037,53,59,69279.47,2,1,0
CUST_01038,79,4,24021.46,2,0,1
CUST_01039,60,35,82921.88,1,1,0
CUST_01040,59,10,36165.56,1,0,0
CUST_01041,44,12,203943.13,2,0,1
CUST_01042,65,10,104508.44,3,0,0
CUST_01043,52,44,82522.9,1,1,0
CUST_01044,50,45,126306.66,3,1,0
CUST_01045,77,8,173930.59,1,1,0
CUST_01046,50,33,27682.27,2,0,0
CUST_01047,21,71,199443.17,2,0,0
CUST_01048,35,68,0.0,2,1,1
CUST_01049,28,72,85239.85,2,0,0
CUST_01050,61,58,0.0,2,0,0
CUST_01051,43,65,0.0,1,1,0
CUST_01052,77,32,189748.55,1,0,0
CUST_01053,53,62,0.0,1,1,1
CUST_01054,78,48,0.0,1,1,1
CUST_01055,76,65,0.0,2,1,1
CUST_01056,63,34,215394.4,1,0,0
CUST_01057,60,29,246677.37,1,0,0
CUST_01058,31,43,0.0,1,0,0
CUST_01059,59,15,13033.73,1,1,0
CUST_01060,41,47,201391.86,2,0,1
CUST_01061,41,6,228045.41,1,1,0
CUST_01062,21,72,104765.93,1,0,0
CUST_01063,47,48,186945.99,1,1,0
CUST_01064,69,34,178662.91,1,1,1
CUST_01065,24,14,69677.18,1,1,0
CUST_01066,74,22,113762.6,2,0,1
CUST_01067,66,22,68062.39,2,1,0
CUST_01068,74,1,223605.01,2,1,0
CUST_01069,75,52,0.0,1,0,1
CUST_01070,70,16,50171.09,2,0,1
CUST_01071,38,8,0.0,2,0,1
CUST_01072,48,34,29050.55,1,1,0
CUST_01073,31,4,10016.88,1,1,0
CUST_01074,38,61,1014.36,2,1,0
CUST_01075,61,4,245846.81,1,0,1
CUST_01076,61,45,124446.14,2,1,0
CUST_01077,72,31,230342.58,2,0,1
CUST_01078,64,48,210252.67,1,1,1
CUST_01079,73,18,179067.22,2,1,0
CUST_01080,21,57,85649.31,1,0,0
CUST_01081,50,70,0.0,3,1,0
CUST_01082,29,14,0.0,2,1,0
CUST_01083,71,72,170648.31,2,0,1
CUST_01084,47,33,209529.52,2,1,0
CUST_01085,71,7,33178.7,2,1,1
CUST_01086,80,1,78923.79,3,0,1
CUST_01087,32,15,19520.09,1,1,0
CUST_01088,35,15,126950.87,2,0,1
CUST_01089,25,29,0.0,1,0,1
CUST_01090,61,10,0.0,1,0,1
CUST_01091,63,36,27028.8,2,0,1
CUST_01092,65,58,114081.53,1,1,0
CUST_01093,19,36,0.0,2,1,0
CUST_01094,56,11,0.0,1,1,0
CUST_01095,27,57,51220.77,2,1,0
CUST_01096,25,49,216694.81,1,0,0
CUST_01097,65,17,15822.5,3,1,0
CUST_01098,49,6,0.0,1,0,1
CUST_01099,58,43,232341.67,3,1,0
CUST_01100,70,18,0.0,1,1,0
CUST_01101,59,55,0.0,1,0,1
CUST_01102,39,19,139329.19,1,1,0
CUST_01103,29,14,0.0,2,1,0
CUST_01104,27,19,180480.53,1,0,0
CUST_01105,39,32,238564.06,3,0,0
CUST_01106,69,44,0.0,2,1,1
CUST_01107,67,7,67143.09,2,1,0
CUST_01108,18,10,0.0,1,1,0
CUST_01109,19,16,131122.8,1,1,0
CUST_01110,57,26,198195.58,3,0,0
CUST_01111,22,11,84649.99,2,1,0
CUST_01112,77,39,236142.6,2,0,0
CUST_01113,44,3,91689.56,1,1,0
CUST_01114,20,64,245499.99,3,0,0
CUST_01115,23,18,86487.87,1,0,0
CUST_01116,28,40,176557.69,2,0,1
CUST_01117,79,19,32087.35,2,1,0
CUST_01118,33,54,121359.96,3,0,1
CUST_01119,46,10,118057.31,1,0,1
CUST_01120,48,26,0.0,2,0,1
CUST_01121,34,39,0.0,1,0,1
CUST_01122,40,67,54134.28,1,0,1
CUST_01123,79,19,190148.35,2,1,0
CUST_01124,66,44,213288.38,2,1,1
CUST_01125,30,64,34263.1,4,1,0
CUST_01126,47,21,77873.46,2,1,0
CUST_01127,64,34,104372.89,1,1,1
CUST_01128,34,64,174575.37,1,0,0
CUST_01129,51,18,247269.53,2,1,0
CUST_01130,53,60,98045.47,1,1,0
CUST_01131,33,46,62827.92,1,0,1
CUST_01132,28,52,217469.19,2,1,0
CUST_01133,73,7,199652.45,1,1,0
CUST_01134,52,66,5503.65,2,1,0
CUST_01135,62,45,0.0,2,1,0
CUST_01136,26,47,12979.1,4,0,1
CUST_01137,30,19,228727.4,1,1,0
CUST_01138,55,23,197622.82,1,1,0
CUST_01139,19,14,0.0,2,1,1
CUST_01140,79,26,0.0,1,1,1
CUST_01141,32,46,0.0,1,1,1
CUST_01142,79,42,163768.05,2,1,1
CUST_01143,78,3,0.0,3,1,0
CUST_01144,60,4,0.0,3,1,0
CUST_01145,46,22,7619.01,2,1,0
CUST_01146,35,19,4749.58,1,1,0
CUST_01147,75,31,207190.43,3,1,0
CUST_01148,48,26,214029.34,2,1,0
CUST_01149,36,6,0.0,1,0,0
CUST_01150,54,67,175920.51,1,1,0
CUST_01151,29,2,0.0,2,1,0
CUST_01152,34,25,0.0,1,1,1
CUST_01153,33,20,175168.91,2,0,0
CUST_01154,29,54,0.0,1,1,0
CUST_01155,38,61,62391.49,2,0,1
CUST_01156,51,30,1576.56,3,1,0
CUST_01157,64,51,0.0,1,1,0
CUST_01158,65,45,169716.12,1,1,0
CUST_01159,61,6,0.0,2,0,1
CUST_01160,63,71,0.0,1,0,1
CUST_01161,76,35,0.0,1,1,1
CUST_01162,21,69,5865.6,1,0,0
CUST_01163,38,32,116320.39,1,1,0
CUST_01164,60,37,0.0,2,1,0
CUST_01165,61,3,89823.4,2,0,1
CUST_01166,31,23,0.0,2,1,0
CUST_01167,79,14,126305.98,2,1,0
CUST_01168,23,5,117881.35,1,1,0
CUST_01169,70,54,19673.76,1,1,1
CUST_01170,65,51,159236.73,3,1,0
CUST_01171,21,59,0.0,2,0,0
CUST_01172,70,19,26570.06,1,1,0
CUST_01173,49,32,0.0,2,0,0
CUST_01174,60,51,0.0,1,1,0
CUST_01175,30,10,81175.94,2,1,0
CUST_01176,74,29,0.0,3,0,0
CUST_01177,29,9,0.0,1,1,1
CUST_01178,54,64,0.0,1,1,1
CUST_01179,32,18,32395.77,2,1,0
CUST_01180,37,4,94216.06,2,1,0
CUST_01181,58,13,166197.45,2,0,0
CUST_01182,70,14,244325.11,1,1,0
CUST_01183,48,10,0.0,1,0,1
CUST_01184,19,2,174587.52,2,0,1
CUST_01185,33,64,139939.27,2,0,0
CUST_01186,68,20,72378.24,1,1,0
CUST_01187,80,34,208869.68,1,1,0
CUST_01188,50,45,82529.19,1,1,0
CUST_01189,73,70,226163.8,2,1,0
CUST_01190,44,51,169979.49,1,1,0
CUST_01191,46,54,0.0,1,0,0
CUST_01192,78,64,0.0,4,1,1
CUST_01193,18,47,122649.14,1,1,1
CUST_01194,80,38,703.59,2,0,1
CUST_01195,45,50,46177.94,1,1,0
CUST_01196,30,10,196364.08,1,1,0
CUST_01197,54,4,236970.48,1,0,0
CUST_01198,70,63,214380.2,2,1,1
CUST_01199,52,31,0.0,2,1,0
CUST_01200,78,20,0.0,1,0,1
CUST_01201,48,12,168886.52,1,1,0
CUST_01202,63,61,0.0,1,1,1
CUST_01203,37,4,168678.56,1,0,0
CUST_01204,77,22,0.0,3,1,1
CUST_01205,54,7,37647.7,2,1,1
CUST_01206,52,25,248553.6,1,0,0
CUST_01207,34,66,0.0,1,1,0
CUST_01208,55,30,177281.17,1,1,0
CUST_01209,51,11,0.0,2,1,1
CUST_01210,34,49,53286.05,1,0,0
CUST_01211,39,59,170582.19,2,1,0
CUST_01212,36,34,48473.43,2,1,0
CUST_01213,73,47,226334.19,1,0,1
CUST_01214,51,61,0.0,3,1,0
CUST_01215,28,71,16362.9,1,1,0
CUST_01216,36,15,0.0,1,0,1
CUST_01217,67,24,112885.97,3,1,0
CUST_01218,38,22,48269.17,1,0,0
CUST_01219,61,27,211010.14,1,1,0
CUST_01220,55,65,28534.04,1,1,0
CUST_01221,43,17,35902.67,2,1,0
CUST_01222,19,67,101643.21,1,0,0
CUST_01223,40,59,170323.98,1,1,1
CUST_01224,57,3,0.0,1,1,0
CUST_01225,68,58,74545.0,1,1,0
CUST_01226,61,50,110751.31,1,0,1
CUST_01227,72,30,148476.46,3,0,0
CUST_01228,57,59,91084.86,2,1,0
CUST_01229,71,59,122148.54,2,1,0
CUST_01230,18,5,98358.1,1,0,1
CUST_01231,56,10,0.0,2,0,0
CUST_01232,69,35,0.0,1,0,1
CUST_01233,54,19,90981.29,2,0,0
CUST_01234,41,9,0.0,1,0,1
CUST_01235,25,39,0.0,1,0,1
CUST_01236,80,66,9783.46,2,1,0
CUST_01237,31,40,33227.72,2,1,0
CUST_01238,24,60,248622.43,2,1,0
CUST_01239,80,12,205294.63,2,1,1
CUST_01240,55,36,1151.56,4,1,0
CUST_01241,30,29,209540.08,1,1,0
CUST_01242,72,25,201111.7,2,0,1
CUST_01243,37,30,0.0,1,0,1
CUST_01244,69,48,128431.71,1,1,0
CUST_01245,25,32,215222.39,2,1,1
CUST_01246,41,17,71690.71,1,0,1
CUST_01247,51,36,0.0,1,0,0
CUST_01248,67,10,157928.86,2,1,0
CUST_01249,79,10,222497.35,1,1,1
CUST_01250,41,36,0.0,2,1,0
CUST_01251,58,23,214713.18,2,1,0
CUST_01252,42,59,46440.93,3,0,0
CUST_01253,61,32,64634.42,1,0,1
CUST_01254,34,62,0.0,2,1,0
CUST_01255,33,39,103662.02,1,1,0
CUST_01256,22,60,0.0,1,0,0
CUST_01257,54,57,0.0,1,1,1
CUST_01258,65,67,41992.23,1,0,0
CUST_01259,80,45,189268.39,1,1,1
CUST_01260,32,69,0.0,1,1,0
CUST_01261,74,72,126975.03,2,0,0
CUST_01262,23,58,0.0,1,1,1
CUST_01263,25,15,172751.37,1,1,0
CUST_01264,45,66,8406.02,1,0,1
CUST_01265,65,14,0.0,3,0,1
CUST_01266,36,16,0.0,2,1,1
CUST_01267,59,11,0.0,2,0,1
CUST_01268,19,39,0.0,2,1,0
CUST_01269,39,12,0.0,2,1,1
CUST_01270,74,36,157206.01,3,1,1
CUST_01271,57,40,0.0,2,1,0
CUST_01272,69,72,0.0,1,1,0
CUST_01273,31,48,15073.06,2,1,0
CUST_01274,67,47,161034.77,1,1,0
CUST_01275,39,1,109408.02,1,1,1
CUST_01276,70,35,155327.34,2,1,0
CUST_01277,58,1,0.0,1,1,0
CUST_01278,55,38,49134.79,2,1,0
CUST_01279,33,6,0.0,1,1,0
CUST_01280,42,21,0.0,2,1,0
CUST_01281,78,71,0.0,1,1,1
CUST_01282,77,19,0.0,2,0,0
CUST_01283,69,8,0.0,3,0,0
CUST_01284,20,28,136931.34,1,1,0
CUST_01285,68,45,153043.24,1,1,0
CUST_01286,59,27,119764.06,1,0,1
CUST_01287,80,57,0.0,1,0,0
CUST_01288,60,43,108541.02,2,0,1
CUST_01289,38,47,0.0,1,1,0
CUST_01290,51,64,22921.35,3,0,1
CUST_01291,29,13,80816.24,2,0,0
CUST_01292,75,18,126260.15,2,0,1
CUST_01293,31,58,116307.38,2,1,0
CUST_01294,70,42,101434.16,1,1,1
CUST_01295,65,30,0.0,2,1,0
CUST_01296,55,16,0.0,2,1,0
CUST_01297,43,28,78570.91,4,1,0
CUST_01298,51,2,66379.43,1,1,1
CUST_01299,56,15,0.0,1,1,0
CUST_01300,53,3,8579.4,1,1,0
CUST_01301,50,45,0.0,2,1,0
CUST_01302,21,56,191523.28,1,0,1
CUST_01303,58,68,70295.85,1,1,0
CUST_01304,64,25,0.0,1,1,1
CUST_01305,45,54,211078.9,2,1,1
CUST_01306,22,48,0.0,2,0,0
CUST_01307,78,16,11646.46,2,0,0
CUST_01308,38,31,0.0,2,1,1
CUST_01309,63,39,0.0,2,1,1
CUST_01310,25,64,106737.42,1,0,1
CUST_01311,67,28,162315.42,2,0,1
CUST_01312,40,5,43549.41,1,1,1
CUST_01313,65,63,0.0,1,0,1
CUST_01314,67,66,0.0,1,1,1
CUST_01315,36,39,217862.81,2,1,0
CUST_01316,78,36,144476.93,2,0,1
CUST_01317,23,10,152298.6,1,0,0
CUST_01318,29,58,237461.86,2,1,0
CUST_01319,69,62,75498.68,2,0,1
CUST_01320,18,35,139414.57,1,0,1
CUST_01321,20,71,149215.32,2,1,0
CUST_01322,45,72,102145.45,1,0,0
CUST_01323,39,38,26133.35,2,0,0
CUST_01324,65,56,221987.91,2,1,1
CUST_01325,42,7,176155.54,2,1,0
CUST_01326,21,56,38525.74,1,1,0
CUST_01327,54,55,31935.65,2,1,0
CUST_01328,39,59,100702.38,1,1,0
CUST_01329,71,29,23949.34,2,1,1
CUST_01330,60,31,157881.75,1,1,0
CUST_01331,31,15,127393.47,2,1,0
CUST_01332,71,22,124804.54,4,1,0
CUST_01333,70,17,74672.48,2,0,1
CUST_01334,25,68,45264.6,2,0,0
CUST_01335,53,38,0.0,1,1,0
CUST_01336,67,8,0.0,1,1,0
CUST_01337,23,5,106540.06,1,1,0
CUST_01338,23,44,98574.86,3,1,0
CUST_01339,79,61,184506.5,3,1,0
CUST_01340,39,42,175946.07,1,0,0
CUST_01341,43,22,9153.2,1,0,0
CUST_01342,18,22,0.0,4,0,0
CUST_01343,52,72,0.0,4,0,0
CUST_01344,38,64,0.0,1,1,0
CUST_01345,52,2,0.0,1,0,0
CUST_01346,64,71,204563.79,2,1,0
CUST_01347,56,49,0.0,1,1,0
CUST_01348,21,9,0.0,2,1,0
CUST_01349,62,53,34822.48,1,0,1
CUST_01350,58,19,152532.77,2,1,1
CUST_01351,36,58,25635.32,1,1,0
CUST_01352,59,64,59541.4,1,0,1
CUST_01353,60,57,197041.28,2,1,0
CUST_01354,64,16,0.0,1,1,1
CUST_01355,44,48,153135.6,2,1,0
CUST_01356,46,71,33574.75,1,0,0
CUST_01357,42,64,164555.99,2,0,0
CUST_01358,77,21,9492.67,1,1,0
CUST_01359,34,15,230050.32,1,0,0
CUST_01360,46,4,0.0,3,0,1
CUST_01361,39,5,85317.0,2,0,1
CUST_01362,62,55,0.0,1,0,1
CUST_01363,40,37,0.0,3,1,0
CUST_01364,21,24,0.0,1,1,0
CUST_01365,72,72,34317.99,1,1,0
CUST_01366,26,54,53995.4,2,1,0
CUST_01367,36,23,128222.78,1,1,0
CUST_01368,58,36,171053.36,2,1,0
CUST_01369,34,30,15864.15,2,1,0
CUST_01370,21,30,0.0,1,1,0
CUST_01371,80,60,67624.15,3,0,0
CUST_01372,67,69,0.0,1,0,1
CUST_01373,65,71,235371.26,2,1,0
CUST_01374,66,17,194759.49,2,0,0
CUST_01375,64,51,233924.15,2,0,1
CUST_01376,52,39,22729.27,2,1,0
CUST_01377,30,46,98189.48,1,1,0
CUST_01378,49,50,110165.55,2,1,0
CUST_01379,65,25,0.0,1,1,0
CUST_01380,36,24,0.0,1,0,0
CUST_01381,35,31,138078.2,1,1,0
CUST_01382,26,51,0.0,2,1,1
CUST_01383,80,53,154766.45,2,1,0
CUST_01384,48,40,94649.37,1,0,0
CUST_01385,45,45,58256.34,2,1,1
CUST_01386,42,16,0.0,1,0,0
CUST_01387,73,24,0.0,2,1,1
CUST_01388,25,60,244719.75,1,0,0
CUST_01389,70,27,0.0,1,1,1
CUST_01390,78,56,247056.25,1,0,1
CUST_01391,77,37,19320.29,2,0,0
CUST_01392,26,6,97022.06,2,0,0
CUST_01393,63,6,49570.91,1,0,1
CUST_01394,34,55,147249.11,1,1,0
CUST_01395,52,16,11936.85,2,0,1
CUST_01396,64,65,0.0,3,0,0
CUST_01397,72,56,0.0,2,1,1
CUST_01398,67,31,12487.76,2,0,1
CUST_01399,48,30,7628.87,2,0,1
CUST_01400,43,41,4903.12,2,1,0
CUST_01401,60,51,0.0,2,1,0
CUST_01402,18,37,0.0,2,1,1
CUST_01403,42,35,200659.82,1,1,0
CUST_01404,47,21,198110.31,2,0,1
CUST_01405,48,8,154207.43,1,1,0
CUST_01406,26,67,202111.27,2,0,0
CUST_01407,38,67,216909.69,1,1,0
CUST_01408,73,38,165630.27,2,0,0
CUST_01409,24,15,11601.69,2,1,0
CUST_01410,65,43,194887.99,1,1,0
CUST_01411,66,58,173828.97,1,0,0
CUST_01412,58,28,186822.51,1,0,0
CUST_01413,37,65,0.0,1,0,1
CUST_01414,54,47,49191.62,1,0,0
CUST_01415,18,11,33281.09,1,0,0
CUST_01416,21,31,0.0,2,1,1
CUST_01417,20,50,132898.12,3,1,0
CUST_01418,41,17,209681.58,1,1,0
CUST_01419,19,62,0.0,2,0,0
CUST_01420,54,58,0.0,2,0,1
CUST_01421,60,68,116214.69,2,0,1
CUST_01422,80,14,199210.65,2,1,0
CUST_01423,34,37,104200.84,1,0,0
CUST_01424,32,50,0.0,2,0,1
CUST_01425,22,59,55673.49,3,0,0
CUST_01426,52,6,19129.23,1,1,0
CUST_01427,79,64,65474.38,2,1,0
CUST_01428,63,49,0.0,1,1,0
CUST_01429,37,64,0.0,1,1,0
CUST_01430,61,46,182050.3,1,1,1
CUST_01431,20,7,219325.76,1,1,0
CUST_01432,36,72,218875.57,1,0,1
CUST_01433,50,7,128949.09,1,0,0
CUST_01434,51,69,96614.9,1,1,0
CUST_01435,62,68,26747.73,3,0,0
CUST_01436,64,41,66995.91,1,0,1
CUST_01437,33,34,0.0,1,1,0
CUST_01438,50,46,133027.44,1,1,0
CUST_01439,78,25,134026.52,1,0,1
CUST_01440,53,18,66046.71,1,1,1
CUST_01441,79,50,0.0,2,1,1
CUST_01442,46,38,0.0,2,1,0
CUST_01443,43,58,159209.69,2,0,1
CUST_01444,42,8,17039.09,1,1,0
CUST_01445,64,36,0.0,1,1,1
CUST_01446,73,8,0.0,1,0,1
CUST_01447,31,21,72228.29,2,0,0
CUST_01448,41,54,155521.9,1,0,0
CUST_01449,49,44,156587.72,1,1,0
CUST_01450,52,14,129517.11,1,1,0
CUST_01451,32,70,0.0,2,1,0
CUST_01452,52,18,47860.08,2,0,0
CUST_01453,48,43,229597.71,2,1,0
CUST_01454,27,30,0.0,1,0,0
CUST_01455,63,6,87161.8,1,0,0
CUST_01456,66,54,0.0,2,0,0
CUST_01457,26,3,165188.07,2,1,1
CUST_01458,56,15,146492.3,2,0,0
CUST_01459,61,3,27299.02,3,1,0
CUST_01460,32,28,55330.76,1,1,1
CUST_01461,39,13,174524.13,1,1,0
CUST_01462,18,69,0.0,1,1,0
CUST_01463,47,14,0.0,4,0,0
CUST_01464,79,45,49491.27,1,0,0
CUST_01465,24,61,18229.89,1,1,0
CUST_01466,59,26,169328.34,2,0,0
CUST_01467,75,41,35266.04,1,1,0
CUST_01468,30,12,3738.2,1,0,0
CUST_01469,63,62,0.0,2,0,0
CUST_01470,57,35,88918.55,2,1,0
CUST_01471,48,43,3620.44,3,0,0
CUST_01472,57,25,90305.47,2,1,0
CUST_01473,75,58,3763.82,3,0,0
CUST_01474,42,65,0.0,1,0,0
CUST_01475,59,47,0.0,2,1,0
CUST_01476,27,53,0.0,2,1,0
CUST_01477,26,25,4351.09,1,0,0
CUST_01478,80,70,62872.98,2,1,0
CUST_01479,54,49,3849.59,1,1,0
CUST_01480,66,9,4960.59,2,0,0
CUST_01481,64,65,38354.37,2,1,1
CUST_01482,19,22,0.0,2,1,1
CUST_01483,44,37,105635.55,1,1,0
CUST_01484,36,53,74468.66,2,1,0
CUST_01485,52,16,0.0,2,0,0
CUST_01486,53,52,0.0,2,0,0
CUST_01487,19,54,98775.96,1,1,0
CUST_01488,79,57,0.0,1,1,1
CUST_01489,72,7,48369.64,2,0,1
CUST_01490,67,55,161112.81,2,0,1
CUST_01491,42,53,177278.96,1,1,1
CUST_01492,73,58,0.0,2,1,1
CUST_01493,53,42,182969.08,2,0,0
CUST_01494,31,15,174971.01,1,1,0
CUST_01495,43,46,31395.56,2,1,0
CUST_01496,59,72,33608.06,2,0,0
CUST_01497,46,12,55651.71,2,1,0
CUST_01498,59,18,0.0,2,0,1
CUST_01499,38,18,212223.6,1,1,0
CUST_01500,71,12,174955.87,2,1,0
CUST_01501,56,6,46928.19,1,0,0
CUST_01502,41,27,124801.26,1,1,0
CUST_01503,48,19,146737.57,2,0,1
CUST_01504,49,19,0.0,3,1,0
CUST_01505,59,67,73312.46,1,1,0
CUST_01506,32,27,70158.12,2,0,1
CUST_01507,73,46,0.0,1,1,0
CUST_01508,25,52,9961.87,2,1,0
CUST_01509,23,55,0.0,2,1,0
CUST_01510,55,40,46879.52,2,1,0
CUST_01511,27,12,181498.21,1,1,0
CUST_01512,37,26,0.0,1,1,0
CUST_01513,32,25,83795.68,1,1,0
CUST_01514,49,18,0.0,1,0,1
CUST_01515,40,32,124878.06,1,1,0
CUST_01516,74,2,239265.24,1,0,1
CUST_01517,69,14,168295.09,1,1,0
CUST_01518,79,68,0.0,2,1,0
CUST_01519,55,28,82004.34,1,1,0
CUST_01520,43,2,144051.85,1,0,1
CUST_01521,21,44,176928.54,2,0,1
CUST_01522,48,23,56070.54,2,0,0
CUST_01523,54,54,85184.94,2,1,0
CUST_01524,77,1,0.0,3,1,0
CUST_01525,22,26,43621.62,2,0,1
CUST_01526,71,39,198740.68,2,1,0
CUST_01527,61,9,140340.73,1,0,1
CUST_01528,57,4,0.0,1,0,1
CUST_01529,20,45,53907.24,3,1,0
CUST_01530,53,54,192198.95,1,0,0
CUST_01531,49,69,49484.1,4,1,0
CUST_01532,73,53,22696.57,1,0,1
CUST_01533,57,46,58583.0,2,0,1
CUST_01534,50,45,0.0,2,1,0
CUST_01535,37,18,0.0,2,1,1
CUST_01536,34,13,112113.2,1,0,1
CUST_01537,40,33,43626.96,1,0,1
CUST_01538,29,31,0.0,3,0,0
CUST_01539,65,15,0.0,2,0,1
CUST_01540,78,4,189473.0,1,1,0
CUST_01541,50,69,206613.13,1,1,0
CUST_01542,52,55,0.0,2,1,0
CUST_01543,66,5,72669.42,1,1,1
CUST_01544,71,22,0.0,2,1,0
CUST_01545,69,57,116650.01,2,1,0
CUST_01546,55,37,0.0,2,0,1
CUST_01547,80,53,43323.99,1,1,0
CUST_01548,68,28,0.0,1,0,1
CUST_01549,44,60,60451.96,2,0,0
CUST_01550,24,13,0.0,2,1,0
CUST_01551,74,68,175368.19,2,1,0
CUST_01552,72,28,49825.43,3,1,0
CUST_01553,40,26,0.0,1,0,0
CUST_01554,78,13,200680.01,1,1,0
CUST_01555,72,3,135062.69,3,0,0
CUST_01556,75,67,170334.97,2,0,0
CUST_01557,25,45,149638.03,1,1,0
CUST_01558,55,22,134940.59,1,0,1
CUST_01559,34,11,143857.99,1,0,0
CUST_01560,77,71,46441.64,1,1,0
CUST_01561,22,42,198612.06,1,0,0
CUST_01562,61,10,178609.96,2,0,1
CUST_01563,26,47,107724.85,2,0,1
CUST_01564,24,33,0.0,2,1,0
CUST_01565,73,35,0.0,3,1,1
CUST_01566,44,13,30731.98,1,0,0
CUST_01567,58,19,0.0,2,0,0
CUST_01568,40,45,232141.52,1,1,0
CUST_01569,64,12,246841.84,2,1,0
CUST_01570,36,9,0.0,1,1,0
CUST_01571,36,30,0.0,2,1,0
CUST_01572,50,66,0.0,1,1,1
CUST_01573,50,26,130585.67,1,1,0
CUST_01574,38,39,184953.3,1,1,0
CUST_01575,75,45,53768.63,1,0,1
CUST_01576,72,46,90376.52,1,1,0
CUST_01577,58,32,43669.17,1,1,0
CUST_01578,58,4,0.0,2,1,1
CUST_01579,44,43,77669.13,1,1,0
CUST_01580,69,58,0.0,1,0,1
CUST_01581,67,15,164674.29,2,1,1
CUST_01582,77,13,172892.1,2,1,0
CUST_01583,40,62,33773.96,2,0,1
CUST_01584,41,32,118752.32,2,1,0
CUST_01585,22,48,0.0,2,1,0
CUST_01586,80,7,78251.79,1,1,0
CUST_01587,78,31,118167.82,1,0,1
CUST_01588,56,27,247938.86,1,1,0
CUST_01589,45,42,28353.62,2,0,0
CUST_01590,20,38,0.0,3,1,0
CUST_01591,54,49,0.0,2,1,1
CUST_01592,33,69,41160.12,2,1,0
CUST_01593,41,21,24766.22,1,0,0
CUST_01594,41,62,145744.29,2,1,0
CUST_01595,71,37,9448.29,1,0,1
CUST_01596,67,21,244047.98,2,0,1
CUST_01597,68,61,214255.5,2,0,0
CUST_01598,47,59,127582.4,1,0,0
CUST_01599,71,50,0.0,1,1,0
CUST_01600,69,58,144598.19,2,1,0
CUST_01601,57,42,100382.15,1,0,0
CUST_01602,78,56,0.0,2,1,0
CUST_01603,50,40,123765.01,1,0,0
CUST_01604,48,41,0.0,2,1,0
CUST_01605,60,42,0.0,2,0,0
CUST_01606,74,43,0.0,1,1,1
CUST_01607,26,61,171147.84,2,0,0
CUST_01608,44,70,0.0,1,1,0
CUST_01609,73,28,0.0,3,0,0
CUST_01610,27,72,73545.45,3,0,1
CUST_01611,41,36,35813.98,1,0,0
CUST_01612,71,12,130748.52,3,1,0
CUST_01613,30,23,0.0,2,1,0
CUST_01614,28,50,40580.09,1,1,0
CUST_01615,23,55,96913.32,2,0,0
CUST_01616,33,8,215174.61,2,1,0
CUST_01617,54,50,0.0,2,0,1
CUST_01618,33,2,0.0,2,0,1
CUST_01619,24,19,164012.46,1,0,0
CUST_01620,79,64,44834.58,2,1,0
CUST_01621,19,52,200849.81,1,1,0
CUST_01622,22,35,206519.55,1,1,0
CUST_01623,31,15,118472.29,2,0,0
CUST_01624,53,19,242298.47,1,1,0
CUST_01625,76,56,98158.6,2,1,0
CUST_01626,75,62,36852.22,3,0,1
CUST_01627,34,31,0.0,3,1,0
CUST_01628,35,72,0.0,2,1,0
CUST_01629,50,66,107467.58,1,1,0
CUST_01630,23,4,0.0,2,1,0
CUST_01631,62,46,141949.44,1,0,0
CUST_01632,52,15,209630.93,1,0,0
CUST_01633,48,16,141438.84,2,1,0
CUST_01634,78,55,87017.9,1,0,1
CUST_01635,55,72,0.0,2,1,1
CUST_01636,44,41,148982.45,2,1,0
CUST_01637,54,24,0.0,1,1,1
CUST_01638,77,56,159088.4,2,1,0
CUST_01639,39,40,62588.72,1,1,0
CUST_01640,48,72,221112.95,2,1,0
CUST_01641,33,71,144051.18,3,1,0
CUST_01642,74,11,231081.62,3,0,0
CUST_01643,77,5,167070.95,3,1,0
CUST_01644,63,4,241152.0,2,1,1
CUST_01645,34,71,0.0,2,0,1
CUST_01646,24,24,0.0,3,1,0
CUST_01647,31,30,198126.91,2,0,1
CUST_01648,76,56,138147.6,1,1,0
CUST_01649,58,11,0.0,2,1,0
CUST_01650,50,61,114573.13,1,0,0
CUST_01651,46,34,180707.09,1,1,0
CUST_01652,47,47,220948.72,1,0,1
CUST_01653,41,62,144567.39,1,1,0
CUST_01654,78,5,30225.36,2,0,0
CUST_01655,20,1,0.0,2,0,1
CUST_01656,67,44,210085.7,1,1,0
CUST_01657,42,69,214989.09,3,1,0
CUST_01658,49,34,82537.82,2,1,0
CUST_01659,62,67,36654.45,1,0,1
CUST_01660,62,25,36234.69,2,0,1
CUST_01661,78,45,117247.47,2,1,0
CUST_01662,32,67,94706.45,1,0,0
CUST_01663,41,71,195385.89,4,1,0
CUST_01664,23,39,95706.31,1,0,0
CUST_01665,80,32,73819.71,2,0,1
CUST_01666,21,28,0.0,3,1,0
CUST_01667,73,35,0.0,3,0,0
CUST_01668,40,22,228923.87,2,1,1
CUST_01669,60,38,157969.93,4,1,0
CUST_01670,56,42,0.0,2,1,0
CUST_01671,19,20,0.0,3,1,0
CUST_01672,71,20,159270.76,3,0,0
CUST_01673,59,41,112749.42,2,1,1
CUST_01674,39,58,0.0,1,0,0
CUST_01675,41,12,243985.98,1,0,0
CUST_01676,18,23,0.0,1,0,1
CUST_01677,58,2,0.0,3,1,0
CUST_01678,29,6,113806.28,2,1,0
CUST_01679,29,41,106182.64,1,1,0
CUST_01680,74,43,148468.48,2,1,0
CUST_01681,80,32,43688.92,3,1,1
CUST_01682,33,44,42567.22,1,0,0
CUST_01683,77,42,0.0,2,0,1
CUST_01684,40,32,5752.96,1,1,0
CUST_01685,44,56,241486.83,1,1,0
CUST_01686,66,3,12609.34,2,1,0
CUST_01687,26,32,202902.94,2,0,0
CUST_01688,62,24,73644.78,1,0,1
CUST_01689,21,57,144962.77,2,1,1
CUST_01690,22,49,145154.95,1,0,0
CUST_01691,35,23,158622.27,1,0,0
CUST_01692,35,70,175097.69,1,1,1
CUST_01693,43,72,0.0,1,1,0
CUST_01694,44,65,122431.17,1,1,0
CUST_01695,50,48,7230.65,1,0,0
CUST_01696,79,56,0.0,2,1,0
CUST_01697,67,23,0.0,1,1,1
CUST_01698,38,27,147706.69,2,1,0
CUST_01699,32,23,214404.7,1,0,0
CUST_01700,73,14,0.0,3,0,1
CUST_01701,60,66,0.0,1,1,0
CUST_01702,37,39,249635.33,1,1,0
CUST_01703,69,1,173088.53,1,1,1
CUST_01704,31,37,38934.66,2,1,0
CUST_01705,68,2,90086.37,1,1,0
CUST_01706,31,28,185286.02,1,0,1
CUST_01707,61,9,0.0,1,1,0
CUST_01708,46,38,0.0,2,0,1
CUST_01709,40,56,0.0,1,1,1
CUST_01710,49,57,29349.66,2,1,0
CUST_01711,41,35,178209.24,1,1,0
CUST_01712,33,70,197381.05,1,0,0
CUST_01713,30,29,108667.08,1,1,0
CUST_01714,27,69,69467.78,2,0,1
CUST_01715,56,51,51559.49,1,1,0
CUST_01716,65,64,152660.02,1,1,0
CUST_01717,30,2,0.0,1,1,0
CUST_01718,18,35,183443.48,2,0,1
CUST_01719,67,28,87745.43,2,0,1
CUST_01720,54,50,71678.05,2,0,1
CUST_01721,46,51,0.0,2,1,0
CUST_01722,23,3,103433.56,3,0,0
CUST_01723,64,64,102945.93,1,1,1
CUST_01724,62,68,0.0,1,1,1
CUST_01725,55,27,129542.81,1,1,0
CUST_01726,35,68,0.0,1,1,1
CUST_01727,61,17,220035.11,2,1,0
CUST_01728,47,68,100795.18,2,0,1
CUST_01729,50,43,0.0,1,1,0
CUST_01730,47,19,190006.66,3,0,1
CUST_01731,78,21,37504.73,1,1,0
CUST_01732,65,28,168101.07,2,0,1
CUST_01733,25,56,0.0,2,1,0
CUST_01734,69,21,39896.24,1,0,1
CUST_01735,48,29,119299.4,3,1,0
CUST_01736,60,57,185011.16,1,0,0
CUST_01737,42,37,158017.0,2,0,0
CUST_01738,40,44,98585.12,2,0,1
CUST_01739,46,27,97462.61,2,0,1
CUST_01740,73,11,18063.92,1,1,1
CUST_01741,36,71,0.0,2,0,0
CUST_01742,41,64,215949.4,2,1,0
CUST_01743,55,19,0.0,2,1,0
CUST_01744,60,61,45755.05,1,1,0
CUST_01745,72,40,0.0,4,0,0
CUST_01746,73,24,78807.91,1,0,0
CUST_01747,53,50,0.0,2,0,0
CUST_01748,23,64,0.0,2,1,0
CUST_01749,64,34,223631.33,1,1,0
CUST_01750,56,21,71883.4,2,1,0
CUST_01751,62,33,61913.58,2,0,1
CUST_01752,80,26,190311.36,1,0,1
CUST_01753,21,51,0.0,2,1,0
CUST_01754,18,50,220684.04,3,1,0
CUST_01755,32,21,0.0,1,1,0
CUST_01756,36,29,49100.52,1,1,0
CUST_01757,19,22,104635.07,1,1,0
CUST_01758,43,70,69509.29,2,1,0
CUST_01759,38,45,145685.06,2,0,0
CUST_01760,22,21,157050.3,4,0,0
CUST_01761,33,15,131373.49,1,1,0
CUST_01762,52,39,241826.68,2,1,0
CUST_01763,70,41,169564.37,2,1,0
CUST_01764,48,6,0.0,1,1,0
CUST_01765,53,18,2726.07,2,1,0
CUST_01766,33,33,1224.56,1,1,0
CUST_01767,18,25,0.0,1,1,1
CUST_01768,64,57,0.0,1,0,1
CUST_01769,49,68,0.0,3,0,0
CUST_01770,38,20,247208.45,1,1,0
CUST_01771,56,16,91969.41,2,1,0
CUST_01772,19,8,179965.22,3,0,0
CUST_01773,72,64,31149.58,2,0,0
CUST_01774,57,43,0.0,1,1,0
CUST_01775,53,21,51332.22,1,1,0
CUST_01776,38,13,243055.88,2,1,0
CUST_01777,66,28,142392.93,2,1,0
CUST_01778,37,3,236136.34,1,1,0
CUST_01779,69,4,3901.95,3,1,0
CUST_01780,32,41,96338.13,1,1,0
CUST_01781,55,45,78420.5,2,1,0
CUST_01782,70,64,0.0,3,1,0
CUST_01783,41,54,50806.98,2,1,1
CUST_01784,27,24,0.0,2,0,0
CUST_01785,68,37,246894.22,1,0,1
CUST_01786,46,54,61758.04,1,1,0
CUST_01787,43,33,0.0,1,1,0
CUST_01788,67,55,23284.38,1,0,0
CUST_01789,54,34,42994.21,1,1,0
CUST_01790,57,6,133693.68,1,1,0
CUST_01791,54,9,145626.96,1,0,0
CUST_01792,55,10,0.0,1,0,0
CUST_01793,28,66,0.0,1,1,0
CUST_01794,65,29,42478.01,1,1,1
CUST_01795,53,35,64865.23,1,1,0
CUST_01796,19,56,71071.05,1,1,0
CUST_01797,48,56,133068.67,2,0,1
CUST_01798,59,69,207352.35,2,0,0
CUST_01799,53,46,82220.05,1,0,1
CUST_01800,70,45,59262.47,1,1,1
CUST_01801,32,7,0.0,2,0,1
CUST_01802,64,23,0.0,1,1,1
CUST_01803,68,36,27592.97,1,1,1
CUST_01804,61,4,146172.23,2,1,1
CUST_01805,69,69,0.0,1,1,1
CUST_01806,59,64,0.0,1,1,1
CUST_01807,19,49,52232.65,2,0,0
CUST_01808,67,38,182424.22,3,1,0
CUST_01809,61,43,141445.58,2,0,0
CUST_01810,41,56,244695.87,1,0,1
CUST_01811,45,24,0.0,1,1,1
CUST_01812,42,34,186678.69,2,0,1
CUST_01813,22,1,6019.22,3,1,0
CUST_01814,78,15,0.0,2,0,0
CUST_01815,76,48,249059.39,2,0,1
CUST_01816,63,48,184327.57,1,1,0
CUST_01817,46,69,205357.02,1,1,0
CUST_01818,74,68,0.0,2,0,0
CUST_01819,52,40,46297.12,1,1,0
CUST_01820,80,6,82423.21,2,1,1
CUST_01821,79,16,0.0,3,0,1
CUST_01822,59,1,117424.0,1,1,0
CUST_01823,46,44,0.0,1,0,0
CUST_01824,30,61,244433.84,1,1,0
CUST_01825,25,41,0.0,2,1,0
CUST_01826,31,21,83735.52,2,1,0
CUST_01827,46,27,115077.2,1,1,0
CUST_01828,71,34,200188.96,1,1,0
CUST_01829,38,55,0.0,2,0,1
CUST_01830,40,58,124141.77,3,1,0
CUST_01831,39,29,80811.09,1,0,0
CUST_01832,28,16,249197.24,2,1,0
CUST_01833,35,57,189588.79,4,1,0
CUST_01834,51,27,54734.21,1,1,0
CUST_01835,66,65,138609.03,1,0,1
CUST_01836,44,41,0.0,2,1,0
CUST_01837,42,72,81115.37,2,1,0
CUST_01838,55,44,9358.51,2,1,0
CUST_01839,28,40,0.0,2,1,0
CUST_01840,30,2,37504.67,2,0,0
CUST_01841,29,13,121723.55,2,1,1
CUST_01842,37,60,0.0,1,1,1
CUST_01843,45,48,69743.16,1,1,0
CUST_01844,26,56,86483.18,2,1,0
CUST_01845,22,51,98148.86,1,1,0
CUST_01846,42,37,39314.48,3,0,0
CUST_01847,59,59,0.0,1,1,0
CUST_01848,39,58,221648.62,1,1,0
CUST_01849,32,53,0.0,2,1,0
CUST_01850,41,20,51626.59,1,0,0
CUST_01851,49,4,0.0,1,1,1
CUST_01852,65,52,25046.54,1,1,0
CUST_01853,63,35,0.0,1,1,1
CUST_01854,26,48,192659.44,2,0,1
CUST_01855,63,23,0.0,1,0,1
CUST_01856,61,22,195547.81,1,0,1
CUST_01857,41,53,174835.05,2,1,0
CUST_01858,78,21,4394.06,2,1,1
CUST_01859,35,6,47376.73,1,1,0
CUST_01860,75,63,0.0,2,1,1
CUST_01861,45,14,25242.55,1,1,0
CUST_01862,57,45,0.0,1,0,1
CUST_01863,21,6,75313.21,1,1,1
CUST_01864,76,19,224711.28,1,1,0
CUST_01865,50,6,0.0,2,1,0
CUST_01866,65,55,0.0,1,1,0
CUST_01867,37,48,209948.89,2,0,0
CUST_01868,68,53,0.0,1,1,0
CUST_01869,59,65,232397.66,1,1,0
CUST_01870,60,50,183842.04,1,1,0
CUST_01871,35,50,171118.24,2,1,0
CUST_01872,59,19,0.0,1,1,0
CUST_01873,65,10,190191.45,2,0,1
CUST_01874,39,40,65942.56,1,1,0
CUST_01875,28,71,12588.42,1,1,0
CUST_01876,76,22,0.0,2,0,1
CUST_01877,26,15,205443.2,2,1,0
CUST_01878,51,66,9302.75,2,1,0
CUST_01879,54,66,73470.97,1,1,1
CUST_01880,79,61,5958.36,1,0,0
CUST_01881,21,18,0.0,2,1,1
CUST_01882,55,67,134762.12,1,1,0
CUST_01883,24,71,134061.94,2,1,0
CUST_01884,44,30,0.0,1,0,1
CUST_01885,59,63,0.0,1,0,0
CUST_01886,28,29,0.0,1,0,1
CUST_01887,51,21,210758.37,1,1,0
CUST_01888,71,72,232823.02,1,0,0
CUST_01889,30,39,97134.45,3,0,0
CUST_01890,55,22,4515.93,1,0,0
CUST_01891,25,2,8337.05,1,1,0
CUST_01892,33,14,180633.25,2,0,1
CUST_01893,20,10,229972.05,4,1,0
CUST_01894,48,18,178325.3,2,1,0
CUST_01895,65,30,123544.01,1,1,0
CUST_01896,77,15,46019.05,1,0,0
CUST_01897,64,31,26718.07,1,1,0
CUST_01898,39,8,0.0,1,1,0
CUST_01899,63,69,0.0,2,0,1
CUST_01900,32,17,37016.57,3,1,0
CUST_01901,77,14,115629.66,3,1,0
CUST_01902,64,59,133345.2,2,0,0
CUST_01903,67,71,164844.62,1,1,0
CUST_01904,64,58,108197.0,2,0,0
CUST_01905,62,39,0.0,1,0,1
CUST_01906,66,67,0.0,1,1,1
CUST_01907,80,31,119068.08,2,0,1
CUST_01908,31,23,0.0,2,0,1
CUST_01909,34,43,34168.71,2,0,0
CUST_01910,71,51,0.0,2,1,0
CUST_01911,71,64,0.0,2,1,0
CUST_01912,30,5,191956.39,2,1,0
CUST_01913,66,9,54876.19,1,1,1
CUST_01914,20,49,31070.31,1,0,0
CUST_01915,43,26,25016.86,1,1,0
CUST_01916,32,12,79642.65,3,1,0
CUST_01917,74,6,161450.09,2,1,1
CUST_01918,30,7,145405.79,1,0,0
CUST_01919,50,53,0.0,3,1,0
CUST_01920,21,11,0.0,2,1,0
CUST_01921,20,61,0.0,1,1,0
CUST_01922,38,30,109171.03,1,0,0
CUST_01923,23,16,0.0,1,0,1
CUST_01924,65,17,214896.35,1,1,0
CUST_01925,42,43,0.0,1,0,1
CUST_01926,64,72,13070.43,2,0,0
CUST_01927,21,67,84996.96,2,0,1
CUST_01928,60,1,222865.85,2,1,0
CUST_01929,45,20,37864.76,1,0,0
CUST_01930,54,52,58026.66,3,1,0
CUST_01931,41,9,226207.41,1,1,0
CUST_01932,77,34,100790.73,2,1,0
CUST_01933,29,21,0.0,1,0,0
CUST_01934,42,52,135399.12,4,0,0
CUST_01935,59,69,74212.06,1,1,0
CUST_01936,80,56,209299.29,3,0,0
CUST_01937,69,40,141054.81,1,1,0
CUST_01938,74,39,143671.39,2,1,0
CUST_01939,27,22,0.0,1,0,1
CUST_01940,27,72,243814.14,1,1,0
CUST_01941,79,36,79169.01,1,0,0
CUST_01942,55,23,246366.1,1,0,0
CUST_01943,66,4,45341.74,1,1,0
CUST_01944,75,37,136949.41,2,1,0
CUST_01945,54,45,151782.84,2,0,0
CUST_01946,22,5,117981.96,4,1,0
CUST_01947,73,58,56310.12,2,1,0
CUST_01948,32,26,89947.43,1,1,0
CUST_01949,55,48,141740.8,1,0,1
CUST_01950,60,49,68479.66,3,1,0
CUST_01951,51,21,0.0,2,1,0
CUST_01952,30,49,55685.36,1,1,0
CUST_01953,43,33,18555.31,1,1,0
CUST_01954,29,68,0.0,2,1,0
CUST_01955,23,66,150762.88,2,0,0
CUST_01956,65,6,164827.02,1,0,1
CUST_01957,72,29,38782.14,1,1,0
CUST_01958,61,71,58851.55,2,0,0
CUST_01959,26,18,144650.62,3,1,0
CUST_01960,55,21,0.0,2,1,0
CUST_01961,61,13,179657.47,1,1,0
CUST_01962,62,41,75784.7,1,1,1
CUST_01963,75,21,0.0,1,1,0
CUST_01964,63,35,210103.39,3,1,0
CUST_01965,79,40,174193.0,1,1,0
CUST_01966,32,27,190374.18,1,1,0
CUST_01967,58,34,0.0,1,0,0
CUST_01968,80,36,203835.83,1,0,1
CUST_01969,54,2,0.0,1,0,0
CUST_01970,72,70,39314.45,3,0,0
CUST_01971,76,20,0.0,1,0,1
CUST_01972,78,18,4892.59,1,1,0
CUST_01973,27,46,0.0,2,0,1
CUST_01974,66,59,0.0,3,1,0
CUST_01975,39,60,219925.29,2,1,0
CUST_01976,61,29,147189.02,2,1,0
CUST_01977,61,67,40798.82,2,1,0
CUST_01978,52,38,0.0,2,1,0
CUST_01979,80,12,42636.64,3,1,0
CUST_01980,47,31,0.0,2,1,0
CUST_01981,48,68,71268.7,1,0,0
CUST_01982,53,63,16266.42,1,1,0
CUST_01983,56,56,67875.08,1,1,0
CUST_01984,31,7,0.0,2,1,1
CUST_01985,21,13,0.0,2,0,1
CUST_01986,62,5,0.0,2,1,1
CUST_01987,49,55,249336.56,1,1,0
CUST_01988,18,66,228535.61,2,1,0
CUST_01989,79,19,39246.39,1,1,1
CUST_01990,46,2,0.0,2,1,1
CUST_01991,22,57,0.0,2,1,0
CUST_01992,54,12,99144.01,1,0,0
CUST_01993,37,31,144939.15,2,0,0
CUST_01994,67,31,0.0,3,1,1
CUST_01995,24,60,0.0,2,1,0
CUST_01996,73,2,0.0,1,1,1
CUST_01997,60,64,0.0,1,1,0
CUST_01998,63,43,121915.34,2,0,0
CUST_01999,44,22,136527.05,1,0,0
CUST_02000,80,61,128152.84,3,1,1
CUST_02001,28,22,0.0,2,0,1
CUST_02002,56,62,12932.21,2,1,0
CUST_02003,46,34,1187.7,2,0,0
CUST_02004,35,43,0.0,2,0,1
CUST_02005,80,47,39164.84,2,0,1
CUST_02006,73,26,108624.14,2,0,1
CUST_02007,68,21,130342.94,2,1,1
CUST_02008,71,67,117122.4,1,1,0
CUST_02009,44,15,202948.69,1,1,1
CUST_02010,31,6,0.0,2,0,0
CUST_02011,64,5,38527.69,1,0,0
CUST_02012,23,51,61073.16,1,1,0
CUST_02013,57,68,0.0,1,1,1
CUST_02014,47,71,41777.18,1,1,0
CUST_02015,63,39,42948.41,2,1,0
CUST_02016,69,19,26842.59,1,0,0
CUST_02017,68,61,0.0,1,0,1
CUST_02018,25,19,103501.0,2,1,0
CUST_02019,30,9,190423.4,2,1,0
CUST_02020,43,49,196947.66,3,1,0
CUST_02021,58,44,144886.18,2,0,1
CUST_02022,35,28,207267.97,1,1,0
CUST_02023,36,43,175368.52,2,0,0
CUST_02024,40,7,57829.54,3,0,0
CUST_02025,62,34,0.0,1,1,1
CUST_02026,36,52,132997.71,2,1,0
CUST_02027,54,65,45256.63,1,1,1
CUST_02028,47,61,0.0,1,1,1
CUST_02029,38,34,184467.0,1,0,0
CUST_02030,62,68,226247.37,1,0,1
CUST_02031,31,59,13964.75,1,1,0
CUST_02032,39,3,0.0,1,0,0
CUST_02033,75,46,48625.7,3,1,0
CUST_02034,49,58,0.0,1,1,1
CUST_02035,42,43,0.0,2,1,0
CUST_02036,56,24,14360.29,3,1,0
CUST_02037,51,69,0.0,4,0,1
CUST_02038,74,66,172519.91,1,1,1
CUST_02039,76,72,27458.43,1,1,0
CUST_02040,72,26,29834.96,2,1,0
CUST_02041,73,69,51553.74,1,0,1
CUST_02042,71,36,0.0,2,0,1
CUST_02043,80,64,68349.38,1,1,0
CUST_02044,19,67,166404.9,3,1,0
CUST_02045,19,24,107263.15,1,1,1
CUST_02046,54,14,124326.86,2,0,0
CUST_02047,18,47,0.0,1,0,1
CUST_02048,52,25,193114.82,1,0,1
CUST_02049,49,37,0.0,2,0,0
CUST_02050,34,53,0.0,1,1,0
CUST_02051,56,57,52455.29,3,1,0
CUST_02052,28,13,230591.38,2,0,0
CUST_02053,35,39,167477.76,2,1,0
CUST_02054,38,48,196187.57,2,0,0
CUST_02055,27,54,0.0,2,0,0
CUST_02056,58,53,245207.39,1,0,0
CUST_02057,28,71,197843.81,3,0,0
CUST_02058,24,41,0.0,2,1,0
CUST_02059,63,57,84953.11,3,0,1
CUST_02060,30,13,0.0,1,1,0
CUST_02061,30,55,0.0,1,1,0
CUST_02062,74,45,0.0,1,1,0
CUST_02063,61,43,203681.87,2,1,0
CUST_02064,27,46,210145.86,2,1,1
CUST_02065,75,3,152384.05,2,1,0
CUST_02066,41,16,93337.6,2,1,0
CUST_02067,23,55,71453.63,1,0,1
CUST_02068,80,3,34973.88,2,1,0
CUST_02069,69,32,38073.67,2,1,0
CUST_02070,75,12,175132.57,1,1,0
CUST_02071,37,39,43644.95,2,1,0
CUST_02072,31,41,129681.87,2,0,0
CUST_02073,28,68,244313.06,2,0,0
CUST_02074,39,40,104024.45,2,0,1
CUST_02075,54,54,0.0,2,1,0
CUST_02076,63,49,219670.58,2,1,0
CUST_02077,21,63,169167.44,1,1,0
CUST_02078,53,12,41783.54,2,1,0
CUST_02079,27,68,0.0,1,0,0
CUST_02080,31,41,229364.76,2,1,0
CUST_02081,72,22,75046.58,4,1,0
CUST_02082,53,54,202697.7,3,1,0
CUST_02083,55,56,189305.37,1,0,1
CUST_02084,50,67,209488.21,2,1,0
CUST_02085,25,67,218704.39,2,0,0
CUST_02086,60,25,0.0,1,0,1
CUST_02087,31,21,123272.01,1,1,0
CUST_02088,18,18,0.0,2,0,1
CUST_02089,68,62,230588.18,3,0,0
CUST_02090,44,58,118040.41,2,1,0
CUST_02091,34,53,52590.09,2,1,0
CUST_02092,73,46,223853.37,2,0,1
CUST_02093,57,68,0.0,2,0,1
CUST_02094,78,25,137816.48,2,1,1
CUST_02095,62,40,59728.98,2,0,0
CUST_02096,24,4,175649.58,2,1,0
CUST_02097,79,31,0.0,1,1,0
CUST_02098,33,49,0.0,1,0,0
CUST_02099,80,69,0.0,1,0,1
CUST_02100,44,20,95024.39,1,1,0
CUST_02101,31,68,0.0,2,0,1
CUST_02102,26,39,44636.83,1,0,0
CUST_02103,70,10,184080.46,2,1,0
CUST_02104,44,24,53156.79,2,1,0
CUST_02105,32,37,0.0,1,1,0
CUST_02106,25,35,0.0,1,0,0
CUST_02107,30,12,189911.88,2,0,1
CUST_02108,60,46,88443.27,1,0,0
CUST_02109,59,50,155733.11,4,1,0
CUST_02110,75,50,9623.85,2,1,1
CUST_02111,37,30,0.0,1,0,0
CUST_02112,78,17,157770.74,2,1,1
CUST_02113,39,70,95806.86,1,0,1
CUST_02114,30,19,0.0,2,0,0
CUST_02115,23,25,128022.46,3,0,0
CUST_02116,41,6,233391.08,2,0,1
CUST_02117,20,4,0.0,1,1,0
CUST_02118,50,24,83287.65,1,0,0
CUST_02119,74,41,0.0,1,1,0
CUST_02120,31,4,0.0,1,0,1
CUST_02121,72,53,0.0,1,1,1
CUST_02122,36,56,176910.34,1,1,0
CUST_02123,68,57,127450.12,1,0,1
CUST_02124,72,56,187547.82,3,0,1
CUST_02125,64,60,125011.74,2,1,0
CUST_02126,31,19,146561.63,1,0,1
CUST_02127,60,50,10345.42,2,1,0
CUST_02128,50,69,214310.0,1,1,0
CUST_02129,37,38,0.0,1,0,0
CUST_02130,35,50,0.0,2,1,1
CUST_02131,52,30,0.0,2,1,0
CUST_02132,75,36,242322.15,2,0,0
CUST_02133,42,3,202702.13,2,0,0
CUST_02134,34,21,0.0,2,0,1
CUST_02135,78,22,0.0,1,1,1
CUST_02136,19,35,200854.08,2,1,0
CUST_02137,20,69,166816.19,1,1,0
CUST_02138,68,22,49841.81,1,1,1
CUST_02139,39,71,91094.99,4,0,0
CUST_02140,49,12,111638.93,1,1,0
CUST_02141,18,25,46281.05,1,0,1
CUST_02142,25,33,32929.08,4,1,0
CUST_02143,63,67,0.0,1,1,0
CUST_02144,62,58,156616.76,2,1,0
CUST_02145,72,68,0.0,1,0,1
CUST_02146,79,49,157541.91,1,0,0
CUST_02147,68,14,84522.44,2,1,0
CUST_02148,38,69,226770.32,2,1,0
CUST_02149,22,33,57877.22,1,0,1
CUST_02150,27,25,55031.78,2,1,0
CUST_02151,64,49,82604.61,3,0,1
CUST_02152,64,17,36413.33,1,0,1
CUST_02153,26,27,70483.33,2,1,1
CUST_02154,22,61,0.0,2,1,0
CUST_02155,44,70,113487.59,2,1,1
CUST_02156,51,40,138308.67,2,1,0
CUST_02157,65,54,218381.74,1,1,0
CUST_02158,55,9,180206.02,2,0,1
CUST_02159,74,53,0.0,1,0,1
CUST_02160,38,41,134388.84,1,0,0
CUST_02161,21,50,164704.73,1,0,0
CUST_02162,41,3,0.0,4,0,0
CUST_02163,51,37,0.0,1,0,0
CUST_02164,28,68,150477.08,2,1,0
CUST_02165,55,5,144605.43,2,1,0
CUST_02166,19,7,79076.06,1,1,0
CUST_02167,66,32,216971.72,2,0,0
CUST_02168,51,37,32353.81,2,0,0
CUST_02169,71,33,0.0,1,0,1
CUST_02170,60,27,236931.44,1,0,0
CUST_02171,70,3,67474.58,2,1,1
CUST_02172,70,26,157443.35,2,1,0
CUST_02173,41,68,71659.09,2,0,0
CUST_02174,37,12,91866.79,1,1,0
CUST_02175,27,25,204556.9,1,1,1
CUST_02176,52,47,104090.96,1,1,0
CUST_02177,60,27,78159.16,1,1,0
CUST_02178,79,24,179725.77,4,1,0
CUST_02179,64,58,20997.93,2,0,1
CUST_02180,78,12,40766.1,3,0,1
CUST_02181,74,28,127098.24,1,0,1
CUST_02182,47,47,194720.05,2,1,0
CUST_02183,77,70,142954.1,1,1,1
CUST_02184,31,12,0.0,4,1,0
CUST_02185,44,71,208715.92,2,1,0
CUST_02186,32,48,0.0,1,1,1
CUST_02187,62,25,161778.08,1,1,0
CUST_02188,28,63,0.0,1,0,0
CUST_02189,67,46,0.0,2,1,1
CUST_02190,28,70,59580.93,2,0,0
CUST_02191,25,26,85754.38,3,1,0
CUST_02192,43,38,141440.55,2,1,1
CUST_02193,29,4,110763.58,1,0,1
CUST_02194,33,50,73350.44,2,1,0
CUST_02195,52,65,41589.93,1,1,0
CUST_02196,44,14,36000.62,2,1,0
CUST_02197,21,52,175709.34,1,1,0
CUST_02198,43,62,123204.83,1,1,0
CUST_02199,28,33,163298.68,2,1,0
CUST_02200,32,33,0.0,1,1,0
CUST_02201,46,50,233862.77,1,0,0
CUST_02202,53,17,0.0,2,0,0
CUST_02203,55,66,30156.06,2,1,0
CUST_02204,30,53,131862.33,1,0,0
CUST_02205,75,16,0.0,1,0,1
CUST_02206,69,65,0.0,1,0,1
CUST_02207,49,58,0.0,1,1,0
CUST_02208,29,47,22860.76,2,1,1
CUST_02209,79,48,7521.71,1,0,1
CUST_02210,66,23,234788.86,1,1,0
CUST_02211,48,62,45709.03,1,1,0
CUST_02212,32,5,130266.12,1,0,0
CUST_02213,45,16,196062.22,1,0,1
CUST_02214,52,32,132554.89,2,1,1
CUST_02215,27,65,185952.98,1,1,0
CUST_02216,36,7,71235.41,2,1,0
CUST_02217,74,40,0.0,2,0,1
CUST_02218,72,32,0.0,1,1,0
CUST_02219,25,54,0.0,2,1,1
CUST_02220,29,64,0.0,4,0,0
CUST_02221,55,27,0.0,1,0,1
CUST_02222,20,6,0.0,1,1,0
CUST_02223,64,67,221915.14,3,0,1
CUST_02224,48,3,0.0,1,1,0
CUST_02225,77,64,138133.05,2,1,0
CUST_02226,42,52,0.0,2,0,0
CUST_02227,47,54,0.0,2,1,0
CUST_02228,35,34,164097.96,1,1,0
CUST_02229,63,8,0.0,1,1,1
CUST_02230,20,30,225388.64,3,0,0
CUST_02231,78,26,69407.05,2,1,0
CUST_02232,43,31,0.0,2,1,0
CUST_02233,32,42,199888.7,1,0,0
CUST_02234,29,38,82502.52,1,1,0
CUST_02235,42,67,0.0,2,0,0
CUST_02236,68,47,235847.84,2,0,0
CUST_02237,18,32,0.0,1,0,1
CUST_02238,42,23,176157.67,1,1,1
CUST_02239,33,58,0.0,1,0,0
CUST_02240,26,27,50193.24,2,1,0
CUST_02241,60,40,0.0,2,1,0
CUST_02242,63,14,218902.14,1,0,1
CUST_02243,25,8,76368.82,1,0,0
CUST_02244,73,47,112322.31,1,1,0
CUST_02245,58,47,0.0,1,0,0
CUST_02246,32,6,177397.39,1,0,0
CUST_02247,45,59,0.0,1,1,0
CUST_02248,37,72,0.0,1,1,0
CUST_02249,46,38,0.0,1,1,0
CUST_02250,68,21,0.0,1,1,0
CUST_02251,56,47,242365.54,1,0,0
CUST_02252,19,27,66603.24,2,0,0
CUST_02253,46,39,73563.89,3,0,0
CUST_02254,66,40,245153.64,4,1,0
CUST_02255,65,34,0.0,2,1,0
CUST_02256,54,55,242634.65,2,1,0
CUST_02257,19,32,0.0,2,0,0
CUST_02258,60,11,119470.41,1,1,0
CUST_02259,24,24,188995.05,2,1,0
CUST_02260,61,46,208065.84,1,0,0
CUST_02261,66,22,86551.79,1,1,0
CUST_02262,77,34,0.0,1,0,0
CUST_02263,21,28,10824.61,1,1,0
CUST_02264,57,45,0.0,1,1,1
CUST_02265,52,72,178680.81,2,1,0
CUST_02266,69,21,211768.49,1,1,1
CUST_02267,28,68,67732.31,2,0,0
CUST_02268,31,9,96733.18,3,0,0
CUST_02269,30,7,0.0,2,1,1
CUST_02270,31,61,166577.23,1,1,0
CUST_02271,65,5,0.0,2,0,1
CUST_02272,32,41,217261.26,2,1,0
CUST_02273,41,11,205129.78,1,1,0
CUST_02274,29,48,197889.35,2,1,0
CUST_02275,37,35,0.0,2,1,1
CUST_02276,23,7,0.0,2,0,0
CUST_02277,63,70,47208.64,2,1,0
CUST_02278,26,27,0.0,2,1,0
CUST_02279,23,40,148052.22,1,1,1
CUST_02280,19,11,160406.0,1,0,1
CUST_02281,54,2,0.0,1,1,0
CUST_02282,79,33,0.0,1,1,1
CUST_02283,63,37,0.0,2,1,0
CUST_02284,61,25,72108.26,1,1,1
CUST_02285,20,43,138626.67,3,1,0
CUST_02286,18,59,215964.76,2,0,1
CUST_02287,69,13,0.0,1,0,1
CUST_02288,66,36,52798.66,1,1,0
CUST_02289,71,29,129489.03,1,0,0
CUST_02290,29,25,117862.83,2,0,0
CUST_02291,74,44,31675.27,2,1,1
CUST_02292,77,7,5453.81,1,0,1
CUST_02293,76,69,147267.0,2,1,1
CUST_02294,22,53,84851.04,1,1,1
CUST_02295,61,10,33054.5,1,1,0
CUST_02296,19,17,0.0,4,0,0
CUST_02297,72,62,0.0,4,1,0
CUST_02298,58,61,171150.67,1,1,0
CUST_02299,26,72,175213.11,1,0,1
CUST_02300,31,41,101277.69,1,1,0
CUST_02301,40,58,151389.88,2,1,0
CUST_02302,75,21,43901.09,2,1,0
CUST_02303,29,32,123877.75,2,1,0
CUST_02304,65,30,0.0,1,0,1
CUST_02305,73,3,0.0,1,0,1
CUST_02306,65,46,233273.9,1,1,1
CUST_02307,30,33,80241.16,2,1,0
CUST_02308,22,57,168386.08,1,0,0
CUST_02309,36,61,58714.27,1,1,0
CUST_02310,63,71,0.0,1,0,1
CUST_02311,47,27,130445.29,1,0,0
CUST_02312,30,51,212956.02,1,1,0
CUST_02313,75,10,249216.5,2,0,1
CUST_02314,67,39,71960.76,1,1,0
CUST_02315,62,39,25360.99,1,1,0
CUST_02316,21,70,0.0,2,1,0
CUST_02317,18,36,161992.49,2,1,0
CUST_02318,27,16,200323.64,1,1,0
CUST_02319,25,10,212888.39,2,0,0
CUST_02320,42,57,0.0,2,1,0
CUST_02321,44,68,0.0,2,1,0
CUST_02322,47,61,0.0,1,1,0
CUST_02323,42,63,64612.18,1,1,0
CUST_02324,74,6,0.0,1,1,0
CUST_02325,19,44,128050.26,2,0,0
CUST_02326,36,52,62112.74,2,1,1
CUST_02327,65,27,94249.75,2,0,1
CUST_02328,26,65,0.0,1,0,1
CUST_02329,74,63,6776.01,3,0,1
CUST_02330,18,28,0.0,3,0,0
CUST_02331,62,35,0.0,1,0,1
CUST_02332,34,71,0.0,2,1,0
CUST_02333,69,29,72962.71,1,1,0
CUST_02334,58,53,76187.19,2,1,0
CUST_02335,46,36,157024.43,2,0,0
CUST_02336,55,25,14178.95,1,1,0
CUST_02337,45,31,139012.87,3,1,0
CUST_02338,19,51,146165.98,4,1,0
CUST_02339,28,71,18440.04,2,1,0
CUST_02340,38,24,203799.71,1,1,0
CUST_02341,24,41,210635.99,2,1,0
CUST_02342,54,41,109686.25,1,1,0
CUST_02343,32,11,218121.23,3,1,0
CUST_02344,38,50,231663.2,1,1,0
CUST_02345,29,58,139211.45,2,1,0
CUST_02346,79,46,236284.52,2,1,0
CUST_02347,56,67,145438.5,3,0,0
CUST_02348,35,33,137094.91,2,1,0
CUST_02349,77,10,0.0,1,1,0
CUST_02350,68,56,97083.43,1,1,0
CUST_02351,25,11,215554.95,2,0,1
CUST_02352,53,40,143391.01,1,1,1
CUST_02353,57,54,0.0,1,1,0
CUST_02354,24,70,168794.97,1,1,0
CUST_02355,28,37,191574.83,2,1,0
CUST_02356,25,48,0.0,2,1,0
CUST_02357,61,38,167000.18,1,1,0
CUST_02358,24,4,0.0,2,1,1
CUST_02359,44,26,0.0,1,1,0
CUST_02360,70,69,92912.66,1,0,0
CUST_02361,31,2,221718.14,2,1,0
CUST_02362,58,50,155768.89,1,0,1
CUST_02363,25,5,165113.33,1,0,1
CUST_02364,41,70,91325.4,1,1,0
CUST_02365,31,54,76303.87,2,0,0
CUST_02366,40,7,15195.93,1,0,0
CUST_02367,34,48,0.0,1,0,0
CUST_02368,76,59,153670.22,2,1,0
CUST_02369,37,14,218530.88,1,1,0
CUST_02370,19,56,8124.46,2,0,0
CUST_02371,67,47,115441.61,2,0,1
CUST_02372,22,50,0.0,1,1,0
CUST_02373,40,20,133724.86,1,0,1
CUST_02374,78,10,0.0,1,1,1
CUST_02375,21,64,35420.15,1,1,1
CUST_02376,77,35,118150.15,1,1,1
CUST_02377,59,27,0.0,2,1,1
CUST_02378,73,2,17785.79,2,1,0
CUST_02379,36,14,130371.56,1,1,0
CUST_02380,70,49,178515.18,1,0,1
CUST_02381,68,10,0.0,2,1,0
CUST_02382,29,35,167874.02,1,1,0
CUST_02383,59,48,3122.23,1,1,0
CUST_02384,36,24,215528.43,1,1,0
CUST_02385,72,36,0.0,2,1,0
CUST_02386,59,66,0.0,2,1,1
CUST_02387,31,36,71961.5,2,0,1
CUST_02388,61,63,135201.01,1,0,1
CUST_02389,18,64,103947.3,1,0,1
CUST_02390,67,57,0.0,1,0,1
CUST_02391,50,55,113489.7,2,1,0
CUST_02392,52,45,25493.93,2,0,0
CUST_02393,56,1,216954.53,1,1,0
CUST_02394,69,61,122008.58,1,0,0
CUST_02395,51,7,43956.52,2,0,1
CUST_02396,78,54,18228.51,1,1,1
CUST_02397,39,36,0.0,2,0,1
CUST_02398,60,6,0.0,2,1,0
CUST_02399,75,35,0.0,1,1,1
CUST_02400,25,44,164404.92,1,1,0
CUST_02401,43,43,95075.75,1,1,0
CUST_02402,51,2,231005.57,2,0,1
CUST_02403,37,48,0.0,2,1,1
CUST_02404,23,1,135880.91,1,1,0
CUST_02405,74,62,173420.43,1,0,1
CUST_02406,20,34,248756.98,2,1,0
CUST_02407,66,55,111325.73,2,1,0
CUST_02408,44,51,64776.6,1,1,0
CUST_02409,41,54,0.0,3,0,0
CUST_02410,23,35,190400.58,1,0,0
CUST_02411,77,61,97824.72,2,1,1
CUST_02412,51,49,198256.84,1,0,1
CUST_02413,66,39,92116.98,2,1,0
CUST_02414,24,36,29843.7,2,0,1
CUST_02415,35,67,0.0,1,1,0
CUST_02416,69,20,206872.42,2,0,1
CUST_02417,65,69,34510.7,1,1,0
CUST_02418,61,63,0.0,1,1,0
CUST_02419,50,34,0.0,1,1,0
CUST_02420,40,66,0.0,3,0,0
CUST_02421,56,52,7428.44,2,1,0
CUST_02422,68,43,153383.67,1,1,0
CUST_02423,58,12,119272.4,2,1,0
CUST_02424,43,9,0.0,2,1,0
CUST_02425,56,11,0.0,2,0,0
CUST_02426,24,51,210885.17,2,1,0
CUST_02427,31,29,97215.57,1,0,1
CUST_02428,18,8,0.0,1,0,1
CUST_02429,55,47,200803.64,1,1,0
CUST_02430,22,8,0.0,2,0,1
CUST_02431,51,11,81172.81,2,0,0
CUST_02432,43,28,109440.69,2,1,0
CUST_02433,24,13,17402.89,3,0,0
CUST_02434,74,63,0.0,1,1,1
CUST_02435,74,66,0.0,2,1,0
CUST_02436,50,11,97904.38,1,1,0
CUST_02437,59,8,0.0,1,1,0
CUST_02438,20,71,0.0,1,1,0
CUST_02439,56,34,220114.66,1,0,0
CUST_02440,46,8,98705.08,2,1,0
CUST_02441,25,31,0.0,1,1,0
CUST_02442,47,7,159174.75,2,1,0
CUST_02443,23,10,156048.96,2,1,0
CUST_02444,67,28,161601.45,2,0,0
CUST_02445,61,56,0.0,2,0,0
CUST_02446,75,31,217412.03,2,1,0
CUST_02447,41,54,134134.57,2,1,0
CUST_02448,20,46,28991.78,1,1,0
CUST_02449,49,31,180125.17,2,0,0
CUST_02450,61,63,66763.85,2,0,0
CUST_02451,64,53,82299.47,2,0,0
CUST_02452,27,52,25544.26,2,0,1
CUST_02453,71,68,126019.73,1,1,0
CUST_02454,32,6,0.0,1,1,0
CUST_02455,57,70,159362.87,1,0,0
CUST_02456,56,18,0.0,2,1,1
CUST_02457,27,45,0.0,1,1,0
CUST_02458,39,62,0.0,1,1,0
CUST_02459,54,20,76773.89,2,0,1
CUST_02460,65,30,0.0,1,1,1
CUST_02461,51,58,0.0,1,0,1
CUST_02462,70,58,99311.67,1,1,1
CUST_02463,52,45,249780.45,1,0,0
CUST_02464,30,1,33578.15,1,0,0
CUST_02465,24,52,175765.28,1,1,0
CUST_02466,18,66,175329.04,1,1,0
CUST_02467,56,17,108850.16,1,1,0
CUST_02468,55,25,166386.35,1,0,0
CUST_02469,27,45,233745.58,1,1,0
CUST_02470,25,70,112933.2,1,0,0
CUST_02471,26,40,60787.36,3,1,0
CUST_02472,70,29,81188.97,2,1,1
CUST_02473,30,33,95259.16,2,1,0
CUST_02474,59,30,110884.46,2,0,1
CUST_02475,65,19,0.0,4,1,0
CUST_02476,57,49,154508.5,2,1,0
CUST_02477,30,66,104638.2,2,1,0
CUST_02478,60,34,184924.54,1,1,0
CUST_02479,75,21,51234.7,2,1,0
CUST_02480,66,5,613.05,1,1,0
CUST_02481,22,72,194402.66,1,1,0
CUST_02482,23,23,0.0,1,0,1
CUST_02483,60,35,502.57,1,0,0
CUST_02484,79,13,59826.74,4,1,0
CUST_02485,47,52,131531.73,1,1,0
CUST_02486,75,34,0.0,2,1,1
CUST_02487,21,29,0.0,3,0,1
CUST_02488,37,13,0.0,2,1,1
CUST_02489,21,35,34924.34,1,1,0
CUST_02490,43,40,223764.84,3,1,0
CUST_02491,21,16,189862.61,2,0,0
CUST_02492,26,17,59408.37,2,1,0
CUST_02493,18,59,125888.79,4,0,0
CUST_02494,72,37,65281.85,2,0,0
CUST_02495,69,2,125820.28,1,0,1
CUST_02496,66,71,0.0,1,0,1
CUST_02497,46,71,223747.8,2,1,1
CUST_02498,39,71,0.0,1,0,0
CUST_02499,79,36,211628.06,1,1,0
CUST_02500,58,47,100126.88,2,0,1
